Percentage Delay Num,Price,Ticket Class
4.545454545454546,23,standard
15.454545454545453,37,standard
38.75,7,standard
32.0,34,first class
-1.0,7,standard
10.0,134,first class
17.77777777777778,151,standard
16.363636363636363,134,first class
-1.0,35,first class
-1.0,10,standard
10.0,200,first class
-1.0,12,standard
27.27272727272727,47,standard
27.27272727272727,70,standard
16.363636363636363,84,standard
-1.0,235,first class
-1.0,151,standard
-1.0,151,standard
-1.0,151,standard
-1.0,16,standard
-1.0,151,standard
98.33333333333333,12,standard
386.6666666666667,10,standard
-1.0,2,standard
-1.0,35,standard
-1.0,35,standard
40.0,76,standard
40.0,76,standard
40.0,76,standard
-1.0,4,standard
82.22222222222221,6,standard
106.66666666666667,3,standard
-1.0,19,standard
580.0,3,standard
-1.0,8,standard
-1.0,13,standard
-1.0,9,standard
-1.0,9,standard
-1.0,9,standard
21.48148148148148,76,standard
-1.0,4,standard
-1.0,4,standard
18.51851851851852,50,standard
-1.0,2,standard
-1.0,4,standard
-1.0,10,standard
-1.0,3,standard
-1.0,3,standard
-1.0,3,standard
-1.0,39,first class
24.0,11,standard
-1.0,7,standard
-1.0,7,standard
-1.0,8,standard
-1.0,3,standard
-1.0,3,standard
40.0,151,standard
40.0,151,standard
40.0,151,standard
40.0,151,standard
80.0,2,standard
-1.0,72,standard
-1.0,35,standard
-1.0,76,standard
-1.0,76,standard
-1.0,76,standard
580.0,4,standard
-1.0,76,standard
-1.0,76,standard
-1.0,76,standard
580.0,4,standard
-1.0,118,first class
373.3333333333333,6,standard
90.0,3,standard
-1.0,27,first class
-1.0,13,standard
-1.0,7,standard
7.6923076923076925,43,standard
17.272727272727273,200,first class
-1.0,9,standard
-1.0,9,standard
13.333333333333334,50,standard
-1.0,3,standard
13.333333333333334,50,standard
180.0,3,standard
180.0,3,standard
180.0,3,standard
-1.0,52,first class
-1.0,53,standard
-1.0,2,standard
-1.0,2,standard
-1.0,4,standard
80.0,3,standard
-1.0,143,standard
-1.0,70,standard
-1.0,70,standard
-1.0,235,first class
30.0,267,first class
-1.0,151,standard
66.66666666666666,8,standard
373.3333333333333,10,standard
22.727272727272727,35,standard
22.727272727272727,35,standard
43.7037037037037,76,standard
-1.0,3,standard
382.22222222222223,6,standard
376.6666666666667,6,first class
382.22222222222223,6,standard
-1.0,3,standard
56.25,7,standard
56.25,7,standard
56.25,7,standard
5.384615384615385,43,standard
-1.0,5,standard
180.0,5,standard
180.0,5,standard
180.0,5,standard
180.0,5,standard
180.0,5,standard
13.333333333333334,101,standard
13.333333333333334,101,standard
14.545454545454545,56,standard
160.0,3,standard
-1.0,5,standard
-1.0,2,standard
-1.0,3,standard
-1.0,3,standard
43.7037037037037,151,standard
43.7037037037037,151,standard
43.7037037037037,151,standard
43.7037037037037,151,standard
-1.0,7,standard
-1.0,35,standard
-1.0,76,standard
36.36363636363637,134,first class
-1.0,76,standard
-1.0,76,standard
-1.0,76,standard
56.25,11,standard
46.25,7,standard
46.25,7,standard
-1.0,7,first class
160.0,5,standard
2.9629629629629632,101,standard
-1.0,10,standard
-1.0,10,standard
-1.0,8,standard
-1.0,53,standard
-1.0,53,standard
-1.0,53,standard
-1.0,86,standard
-1.0,113,standard
-1.0,113,standard
-1.0,8,standard
-1.0,7,standard
-1.0,9,standard
-1.0,9,standard
41.48148148148148,76,standard
41.48148148148148,76,standard
41.48148148148148,76,standard
41.48148148148148,76,standard
46.25,11,standard
-1.0,4,standard
14.074074074074074,50,standard
26.36363636363636,84,standard
-1.0,10,first class
-1.0,7,standard
-1.0,7,standard
-1.0,8,standard
216.66666666666666,3,standard
216.66666666666666,3,standard
216.66666666666666,3,standard
216.66666666666666,3,standard
10.909090909090908,37,standard
43.63636363636363,126,standard
-1.0,13,standard
-1.0,7,standard
41.48148148148148,113,standard
41.48148148148148,113,standard
41.48148148148148,113,standard
128.33333333333334,12,standard
-1.0,72,standard
-1.0,72,standard
-1.0,73,standard
-1.0,73,standard
-1.0,3,standard
38.75,21,standard
30.0,3,standard
30.0,3,standard
-1.0,8,standard
-1.0,8,standard
106.66666666666667,3,standard
-1.0,53,standard
-1.0,53,standard
-1.0,13,standard
21.818181818181817,84,standard
216.66666666666666,4,standard
216.66666666666666,4,standard
-1.0,7,standard
-1.0,10,standard
11.818181818181818,35,standard
166.66666666666669,3,standard
166.66666666666669,3,standard
11.818181818181818,35,standard
-1.0,3,standard
104.0,11,standard
-1.0,3,standard
35.333333333333336,51,standard
-1.0,6,standard
-1.0,6,standard
-1.0,6,standard
-1.0,6,standard
8.148148148148149,151,standard
36.36363636363637,168,standard
8.148148148148149,151,standard
8.148148148148149,151,standard
8.148148148148149,151,standard
-1.0,7,standard
-1.0,13,standard
-1.0,13,standard
-1.0,13,standard
-1.0,13,standard
-1.0,13,standard
-1.0,13,standard
23.703703703703706,76,standard
26.25,10,standard
-1.0,12,standard
23.703703703703706,76,standard
21.818181818181817,126,standard
11.818181818181818,70,standard
11.818181818181818,70,standard
11.818181818181818,70,standard
166.66666666666669,5,standard
166.66666666666669,5,standard
166.66666666666669,5,standard
11.818181818181818,47,standard
166.66666666666669,5,standard
5.9259259259259265,101,standard
21.48148148148148,78,first class
13.636363636363635,126,standard
83.33333333333334,13,standard
23.703703703703706,235,first class
35.45454545454545,267,first class
23.703703703703706,151,standard
23.703703703703706,235,first class
58.333333333333336,8,standard
-1.0,25,standard
-1.0,25,standard
306.6666666666667,10,standard
56.00000000000001,7,standard
-1.0,76,standard
-1.0,76,standard
-1.0,76,standard
30.909090909090907,84,standard
-1.0,76,standard
516.6666666666667,4,standard
-1.0,118,first class
371.11111111111114,6,standard
23.75,29,first class
130.0,2,standard
16.296296296296298,113,standard
-1.0,13,standard
15.555555555555555,50,standard
206.66666666666669,3,standard
-1.0,12,standard
12.592592592592592,76,standard
-1.0,151,standard
-1.0,151,standard
371.11111111111114,10,standard
16.666666666666664,3,standard
-1.0,13,standard
38.51851851851852,76,standard
38.51851851851852,76,standard
38.51851851851852,76,standard
38.51851851851852,76,standard
38.51851851851852,76,standard
38.51851851851852,76,standard
-1.0,4,standard
-1.0,4,standard
317.77777777777777,10,first class
130.0,3,standard
130.0,3,standard
8.076923076923077,43,standard
-1.0,13,standard
17.333333333333336,34,first class
206.66666666666669,5,standard
206.66666666666669,5,standard
206.66666666666669,5,standard
206.66666666666669,19,first class
206.66666666666669,5,standard
-1.0,8,standard
51.24999999999999,4,standard
51.24999999999999,4,standard
51.24999999999999,4,standard
-1.0,2,standard
18.181818181818183,56,standard
-1.0,13,standard
-1.0,13,standard
7.2727272727272725,35,standard
7.2727272727272725,35,standard
52.72727272727272,37,standard
-1.0,17,standard
-1.0,17,standard
33.63636363636363,126,standard
33.63636363636363,126,standard
-1.0,12,standard
-1.0,12,standard
-1.0,80,first class
15.555555555555555,118,first class
38.51851851851852,151,standard
38.51851851851852,151,standard
38.51851851851852,151,standard
38.51851851851852,151,standard
38.51851851851852,151,standard
-1.0,9,standard
160.0,3,standard
-1.0,3,standard
-1.0,52,first class
-1.0,35,first class
-1.0,10,standard
-1.0,3,standard
51.24999999999999,9,standard
51.24999999999999,9,standard
51.24999999999999,69,first class
51.24999999999999,9,standard
51.24999999999999,9,standard
51.24999999999999,69,first class
51.24999999999999,9,standard
-1.0,3,standard
-1.0,3,standard
-1.0,31,standard
14.074074074074074,113,standard
7.2727272727272725,70,standard
7.2727272727272725,70,standard
7.2727272727272725,70,standard
7.2727272727272725,70,standard
21.818181818181817,84,standard
-1.0,25,standard
19.090909090909093,56,standard
14.074074074074074,50,standard
-1.0,7,standard
-1.0,35,standard
-1.0,35,standard
-1.0,35,standard
-1.0,3,standard
-1.0,128,standard
-1.0,3,standard
-1.0,69,first class
45.0,13,standard
400.0,10,standard
-1.0,3,standard
-1.0,3,standard
-1.0,13,standard
-1.0,13,standard
350.0,14,first class
350.0,14,first class
40.74074074074074,76,standard
67.5,21,standard
40.74074074074074,118,first class
15.454545454545453,84,standard
32.5,11,standard
47.5,7,standard
506.66666666666663,3,standard
506.66666666666663,3,standard
-1.0,35,standard
21.818181818181817,126,standard
-1.0,114,first class
-1.0,114,first class
-1.0,70,standard
-1.0,70,standard
-1.0,70,standard
-1.0,3,standard
-1.0,3,standard
-1.0,3,standard
-1.0,35,standard
-1.0,35,standard
14.545454545454545,126,standard
40.74074074074074,113,standard
40.74074074074074,113,standard
67.5,31,standard
40.74074074074074,113,standard
-1.0,5,standard
-1.0,19,standard
-1.0,19,standard
-1.0,19,standard
356.6666666666667,10,first class
356.6666666666667,4,standard
36.2962962962963,76,standard
21.818181818181817,84,standard
36.2962962962963,76,standard
146.66666666666666,3,standard
47.5,11,standard
47.5,11,standard
-1.0,2,standard
516.6666666666667,3,standard
516.6666666666667,3,standard
-1.0,7,standard
-1.0,4,standard
14.814814814814813,76,standard
8.181818181818182,84,standard
-1.0,4,standard
-1.0,4,standard
-1.0,35,standard
46.666666666666664,3,standard
-1.0,4,standard
-1.0,5,standard
-1.0,5,standard
-1.0,5,standard
-1.0,50,standard
-1.0,50,standard
-1.0,70,first class
-1.0,50,standard
-1.0,8,standard
45.0,31,standard
36.2962962962963,113,standard
36.2962962962963,176,first class
36.2962962962963,113,standard
36.2962962962963,113,standard
-1.0,3,standard
-1.0,13,standard
33.33333333333333,118,first class
33.33333333333333,76,standard
33.33333333333333,76,standard
33.33333333333333,76,standard
-1.0,2,standard
-1.0,2,standard
10.0,11,standard
116.66666666666667,2,standard
5.0,7,standard
-1.0,7,standard
-1.0,10,standard
-1.0,7,standard
-1.0,52,first class
-1.0,7,standard
-1.0,7,standard
-1.0,7,standard
7.4074074074074066,50,standard
7.5,82,first class
5.333333333333334,11,standard
11.818181818181818,134,first class
114.99999999999999,4,standard
114.99999999999999,4,standard
114.99999999999999,4,standard
114.99999999999999,4,standard
114.99999999999999,4,standard
-1.0,13,standard
-1.0,35,standard
-1.0,3,standard
-1.0,3,standard
38.18181818181819,126,standard
38.18181818181819,126,standard
33.33333333333333,151,standard
40.0,168,standard
33.33333333333333,151,standard
40.0,168,standard
33.33333333333333,151,standard
-1.0,25,standard
-1.0,25,standard
-1.0,25,standard
-1.0,47,standard
90.0,7,first class
90.0,7,first class
90.0,2,standard
-1.0,25,standard
-1.0,3,standard
216.66666666666666,4,standard
216.66666666666666,4,standard
39.25925925925926,76,standard
-1.0,7,standard
52.5,7,standard
453.3333333333333,3,standard
-1.0,3,standard
114.99999999999999,9,standard
114.99999999999999,9,standard
114.99999999999999,69,first class
114.99999999999999,9,standard
25.333333333333336,11,standard
11.851851851851853,157,first class
11.851851851851853,101,standard
-1.0,25,standard
-1.0,25,standard
-1.0,25,standard
-1.0,7,standard
-1.0,5,standard
190.0,3,standard
190.0,10,first class
170.0,4,standard
33.33333333333333,13,standard
26.0,51,standard
-1.0,6,standard
-1.0,6,standard
46.666666666666664,2,standard
-1.0,8,standard
453.3333333333333,4,standard
453.3333333333333,4,standard
43.63636363636363,84,standard
42.96296296296296,118,first class
42.96296296296296,76,standard
42.96296296296296,76,standard
170.0,3,standard
331.1111111111111,6,standard
436.66666666666663,3,standard
436.66666666666663,3,standard
-1.0,15,standard
-1.0,15,standard
-1.0,38,first class
0.7692307692307693,43,standard
190.0,5,standard
8.148148148148149,76,standard
190.0,5,standard
-1.0,8,standard
14.074074074074074,101,standard
-1.0,27,first class
-1.0,13,standard
233.33333333333334,3,standard
233.33333333333334,3,standard
233.33333333333334,3,standard
-1.0,3,standard
-1.0,2,standard
-1.0,128,standard
-1.0,5,standard
31.818181818181817,84,standard
-1.0,2,standard
42.96296296296296,151,standard
43.63636363636363,168,standard
42.96296296296296,151,standard
170.0,3,standard
-1.0,4,standard
-1.0,7,standard
270.0,4,standard
-1.0,7,standard
-1.0,18,standard
-1.0,18,standard
41.48148148148148,76,standard
41.48148148148148,76,standard
41.48148148148148,76,standard
436.66666666666663,4,standard
-1.0,6,standard
436.66666666666663,4,standard
41.48148148148148,76,standard
41.48148148148148,76,standard
23.75,7,standard
30.0,10,first class
-1.0,36,first class
-1.0,13,standard
-1.0,13,standard
88.33333333333333,8,standard
30.0,3,standard
30.0,11,standard
533.3333333333333,3,standard
-1.0,10,standard
233.33333333333334,5,standard
233.33333333333334,5,standard
-1.0,3,standard
-1.0,5,standard
31.818181818181817,126,standard
6.666666666666667,13,standard
-1.0,9,standard
-1.0,13,standard
270.0,22,first class
270.0,7,standard
-1.0,5,standard
41.48148148148148,151,standard
41.48148148148148,151,standard
41.48148148148148,235,first class
41.48148148148148,151,standard
23.75,13,standard
-1.0,25,standard
-1.0,25,standard
-1.0,25,standard
-1.0,35,standard
-1.0,35,standard
-1.0,54,first class
-1.0,41,first class
88.33333333333333,12,standard
-1.0,7,standard
533.3333333333333,4,standard
-1.0,6,standard
42.96296296296296,76,standard
42.96296296296296,76,standard
42.96296296296296,76,standard
45.0,21,standard
3.3333333333333335,3,standard
-1.0,10,first class
56.666666666666664,2,standard
3.3333333333333335,10,first class
56.666666666666664,2,standard
-1.0,35,standard
503.3333333333333,3,standard
103.33333333333334,3,standard
-1.0,19,standard
-1.0,19,standard
-1.0,19,standard
-1.0,3,standard
-1.0,3,standard
8.461538461538462,43,standard
5.185185185185185,101,standard
8.181818181818182,112,standard
-1.0,3,standard
-1.0,14,first class
-1.0,4,standard
-1.0,4,standard
-1.0,13,standard
-1.0,5,standard
-1.0,5,standard
16.666666666666664,4,standard
-1.0,13,standard
37.27272727272727,84,standard
-1.0,13,standard
42.96296296296296,151,standard
42.96296296296296,151,standard
42.96296296296296,151,standard
42.96296296296296,235,first class
42.96296296296296,151,standard
22.727272727272727,168,standard
42.96296296296296,151,standard
42.96296296296296,151,standard
42.96296296296296,151,standard
42.96296296296296,151,standard
42.96296296296296,151,standard
42.96296296296296,151,standard
56.666666666666664,10,first class
-1.0,13,standard
-1.0,13,standard
-1.0,34,standard
36.2962962962963,76,standard
36.2962962962963,76,standard
45.45454545454545,84,standard
36.2962962962963,76,standard
36.2962962962963,76,standard
351.1111111111111,6,standard
351.1111111111111,6,standard
-1.0,2,standard
103.33333333333334,2,standard
103.33333333333334,7,first class
-1.0,8,standard
-1.0,8,standard
86.66666666666667,3,standard
3.076923076923077,43,standard
-1.0,2,standard
21.48148148148148,101,standard
-1.0,3,standard
-1.0,35,first class
11.851851851851853,50,standard
11.851851851851853,50,standard
-1.0,57,first class
-1.0,8,standard
-1.0,8,standard
-1.0,8,standard
-1.0,2,standard
-1.0,2,standard
12.727272727272727,84,standard
-1.0,4,standard
-1.0,50,standard
-1.0,50,standard
40.0,11,standard
-1.0,50,standard
36.2962962962963,176,first class
36.2962962962963,113,standard
36.2962962962963,113,standard
36.2962962962963,113,standard
36.2962962962963,113,standard
45.45454545454545,126,standard
36.2962962962963,113,standard
-1.0,19,standard
351.1111111111111,10,standard
16.363636363636363,35,standard
-1.0,76,standard
-1.0,76,standard
31.11111111111111,118,first class
-1.0,76,standard
86.66666666666667,4,standard
12.727272727272727,84,standard
-1.0,76,standard
-1.0,76,standard
-1.0,76,standard
-1.0,76,standard
373.3333333333333,6,standard
103.33333333333334,3,standard
-1.0,3,standard
-1.0,52,first class
-1.0,7,standard
-1.0,7,standard
-1.0,7,standard
-1.0,7,standard
0.38461538461538464,29,standard
11.851851851851853,76,standard
-1.0,13,standard
-1.0,10,standard
9.090909090909092,35,standard
9.090909090909092,35,standard
-1.0,6,first class
-1.0,6,first class
26.0,11,standard
-1.0,7,standard
-1.0,52,first class
16.363636363636363,53,standard
-1.0,176,first class
-1.0,176,first class
-1.0,113,standard
150.0,3,standard
150.0,3,standard
-1.0,13,standard
46.25,21,standard
-1.0,76,standard
-1.0,76,standard
-1.0,76,standard
-1.0,118,first class
46.25,7,standard
2.5,7,standard
8.88888888888889,78,first class
23.636363636363637,126,standard
30.0,31,standard
9.090909090909092,53,standard
8.181818181818182,84,standard
8.181818181818182,84,standard
21.48148148148148,50,standard
17.272727272727273,89,first class
-1.0,5,standard
-1.0,5,standard
-1.0,5,standard
-1.0,5,standard
-1.0,24,standard
20.0,126,standard
8.88888888888889,76,standard
-1.0,35,standard
45.45454545454545,84,standard
-1.0,25,standard
-1.0,151,standard
-1.0,151,standard
-1.0,151,standard
1.8181818181818181,57,first class
1.8181818181818181,35,standard
25.0,21,standard
-1.0,76,standard
60.0,7,standard
-1.0,3,standard
-1.0,6,first class
-1.0,3,standard
3.3333333333333335,2,standard
-1.0,7,standard
-1.0,8,standard
-1.0,54,first class
-1.0,8,standard
-1.0,8,standard
-1.0,53,standard
6.538461538461539,96,first class
4.0,11,standard
-1.0,10,standard
-1.0,10,standard
-1.0,8,standard
-1.0,2,standard
-1.0,4,standard
233.33333333333334,3,standard
233.33333333333334,3,standard
14.545454545454545,35,standard
-1.0,35,standard
-1.0,35,standard
-1.0,7,standard
45.45454545454545,126,standard
-1.0,10,standard
-1.0,10,standard
11.333333333333332,51,standard
1.8181818181818181,70,standard
-1.0,54,first class
48.18181818181818,168,standard
13.333333333333334,2,standard
-1.0,4,standard
291.1111111111111,10,standard
39.09090909090909,35,standard
-1.0,78,first class
8.148148148148149,76,standard
8.148148148148149,76,standard
8.148148148148149,76,standard
50.0,21,standard
39.25925925925926,76,standard
-1.0,35,standard
-1.0,19,standard
-1.0,19,standard
-1.0,19,standard
-1.0,19,standard
4.545454545454546,126,standard
-1.0,70,standard
-1.0,70,standard
-1.0,70,standard
233.33333333333334,5,standard
233.33333333333334,5,standard
-1.0,13,standard
-1.0,13,standard
-1.0,13,standard
-1.0,2,standard
20.0,50,standard
-1.0,17,standard
-1.0,23,standard
-1.0,35,standard
-1.0,7,standard
10.0,200,first class
13.333333333333334,3,standard
21.818181818181817,84,standard
-1.0,35,standard
8.148148148148149,151,standard
8.148148148148149,151,standard
8.148148148148149,151,standard
8.148148148148149,151,standard
-1.0,48,standard
-1.0,48,standard
266.66666666666663,6,standard
-1.0,13,standard
266.66666666666663,4,standard
72.0,7,standard
9.62962962962963,76,standard
9.62962962962963,76,standard
536.6666666666666,4,standard
156.66666666666666,2,standard
83.33333333333334,3,standard
-1.0,3,standard
-1.0,15,standard
-1.0,3,standard
11.818181818181818,56,standard
-1.0,70,standard
-1.0,70,standard
-1.0,70,standard
-1.0,70,standard
-1.0,70,standard
-1.0,76,first class
-1.0,47,standard
17.272727272727273,112,standard
-1.0,35,standard
-1.0,57,first class
-1.0,3,standard
-1.0,56,standard
-1.0,24,standard
18.181818181818183,84,standard
-1.0,8,standard
9.62962962962963,151,standard
9.62962962962963,151,standard
9.62962962962963,151,standard
9.62962962962963,151,standard
31.851851851851855,76,standard
-1.0,6,standard
2.5,11,standard
333.33333333333337,3,standard
-1.0,19,standard
-1.0,41,first class
-1.0,3,standard
9.615384615384617,43,standard
-1.0,3,standard
-1.0,144,first class
-1.0,48,standard
-1.0,8,standard
-1.0,10,first class
-1.0,8,standard
-1.0,8,standard
-1.0,53,standard
-1.0,3,standard
18.181818181818183,126,standard
18.181818181818183,126,standard
-1.0,8,standard
14.074074074074074,76,standard
37.27272727272727,168,standard
-1.0,11,standard
-1.0,11,standard
-1.0,11,standard
-1.0,108,first class
44.44444444444444,76,standard
44.44444444444444,76,standard
44.44444444444444,76,standard
380.0,6,first class
56.25,11,standard
296.6666666666667,3,standard
6.538461538461539,43,standard
6.538461538461539,96,first class
1.8181818181818181,126,standard
-1.0,5,standard
-1.0,16,standard
-1.0,7,standard
5.454545454545454,112,standard
45.0,35,first class
-1.0,52,first class
-1.0,19,standard
-1.0,19,standard
-1.0,19,standard
-1.0,3,standard
-1.0,3,standard
-1.0,3,standard
150.0,8,standard
-1.0,107,standard
150.0,5,standard
22.727272727272727,84,standard
44.44444444444444,113,standard
44.44444444444444,113,standard
44.44444444444444,113,standard
44.44444444444444,113,standard
37.5,31,standard
44.44444444444444,113,standard
49.09090909090909,200,first class
44.44444444444444,113,standard
93.33333333333333,3,standard
93.33333333333333,3,standard
93.33333333333333,3,standard
93.33333333333333,3,standard
93.33333333333333,3,standard
166.66666666666669,4,standard
166.66666666666669,11,first class
-1.0,10,first class
-1.0,30,first class
20.0,76,standard
583.3333333333333,4,standard
20.0,76,standard
20.0,76,standard
20.0,118,first class
583.3333333333333,4,standard
20.0,118,first class
355.55555555555554,6,standard
146.66666666666666,2,standard
146.66666666666666,2,standard
146.66666666666666,2,standard
-1.0,77,standard
17.5,19,first class
303.3333333333333,3,standard
113.33333333333333,7,first class
16.363636363636363,126,standard
-1.0,4,standard
-1.0,4,standard
11.11111111111111,76,standard
10.909090909090908,56,standard
-1.0,2,standard
-1.0,13,standard
-1.0,3,standard
-1.0,3,standard
-1.0,2,standard
-1.0,6,first class
-1.0,2,standard
-1.0,15,standard
-1.0,12,standard
-1.0,107,standard
27.27272727272727,84,standard
166.66666666666669,5,standard
-1.0,5,standard
-1.0,5,standard
-1.0,14,standard
20.0,113,standard
20.0,113,standard
20.0,113,standard
20.0,113,standard
20.0,113,standard
20.0,113,standard
20.0,113,standard
-1.0,126,standard
-1.0,26,standard
-1.0,26,standard
-1.0,26,standard
355.55555555555554,10,standard
146.66666666666666,3,standard
-1.0,15,standard
-1.0,15,standard
37.77777777777778,76,standard
37.77777777777778,76,standard
37.77777777777778,118,first class
37.77777777777778,76,standard
113.33333333333333,3,standard
20.74074074074074,113,standard
0.7692307692307693,43,standard
-1.0,6,first class
-1.0,4,standard
-1.0,4,standard
8.148148148148149,50,standard
8.148148148148149,50,standard
-1.0,2,standard
-1.0,2,standard
-1.0,3,standard
36.666666666666664,13,standard
11.11111111111111,76,standard
-1.0,29,standard
-1.0,16,standard
-1.0,29,standard
-1.0,16,standard
-1.0,16,standard
37.77777777777778,151,standard
37.77777777777778,151,standard
37.77777777777778,235,first class
-1.0,47,standard
-1.0,72,standard
-1.0,18,standard
-1.0,18,standard
33.75,21,standard
36.2962962962963,76,standard
30.37037037037037,76,standard
31.11111111111111,76,standard
5.0,11,standard
13.333333333333334,2,standard
-1.0,35,standard
-1.0,8,standard
8.148148148148149,113,standard
2.6923076923076925,29,standard
-1.0,7,standard
-1.0,4,standard
-1.0,57,first class
2.2222222222222223,50,standard
10.0,56,standard
-1.0,2,standard
220.00000000000003,3,standard
220.00000000000003,3,standard
220.00000000000003,3,standard
220.00000000000003,3,standard
19.090909090909093,35,standard
19.090909090909093,35,standard
19.090909090909093,35,standard
30.909090909090907,37,standard
30.37037037037037,151,standard
30.37037037037037,151,standard
9.090909090909092,168,standard
-1.0,35,standard
-1.0,35,standard
-1.0,35,standard
-1.0,13,standard
-1.0,7,standard
-1.0,7,standard
-1.0,7,standard
-1.0,47,standard
-1.0,47,standard
8.75,31,standard
19.090909090909093,70,standard
-1.0,41,standard
220.00000000000003,5,standard
19.090909090909093,114,first class
41.81818181818181,59,first class
42.72727272727273,200,first class
-1.0,8,standard
113.33333333333333,3,standard
11.11111111111111,151,standard
11.11111111111111,151,standard
11.11111111111111,151,standard
11.11111111111111,151,standard
14.545454545454545,168,standard
11.11111111111111,151,standard
11.11111111111111,151,standard
83.33333333333334,8,standard
-1.0,35,standard
-1.0,35,standard
-1.0,35,standard
-1.0,35,standard
-1.0,13,standard
0.9090909090909091,35,standard
0.9090909090909091,35,standard
8.0,7,standard
39.25925925925926,76,standard
39.25925925925926,76,standard
96.66666666666667,4,standard
446.6666666666667,2,standard
22.5,29,first class
-1.0,7,standard
88.33333333333333,19,standard
88.33333333333333,41,first class
-1.0,8,standard
-1.0,52,first class
-1.0,7,standard
14.545454545454545,126,standard
229.99999999999997,5,standard
229.99999999999997,5,standard
229.99999999999997,5,standard
229.99999999999997,19,first class
229.99999999999997,5,standard
229.99999999999997,5,standard
229.99999999999997,19,first class
229.99999999999997,5,standard
229.99999999999997,5,standard
75.0,27,first class
11.11111111111111,101,standard
16.363636363636363,112,standard
16.363636363636363,112,standard
-1.0,3,standard
-1.0,10,standard
-1.0,10,standard
-1.0,35,standard
-1.0,11,standard
-1.0,11,standard
-1.0,17,standard
-1.0,5,standard
23.636363636363637,84,standard
39.25925925925926,151,standard
39.25925925925926,151,standard
43.333333333333336,2,standard
446.6666666666667,3,standard
-1.0,35,standard
-1.0,23,standard
56.25,10,standard
31.851851851851855,76,standard
31.851851851851855,76,standard
-1.0,13,standard
-1.0,13,standard
46.25,7,standard
53.75,7,standard
-1.0,8,standard
-1.0,3,standard
-1.0,3,standard
-1.0,3,standard
-1.0,4,standard
6.538461538461539,96,first class
96.66666666666667,13,standard
96.66666666666667,13,standard
96.66666666666667,13,standard
45.0,4,standard
-1.0,3,standard
193.33333333333334,3,standard
193.33333333333334,3,standard
-1.0,8,standard
-1.0,57,first class
-1.0,8,standard
-1.0,35,standard
-1.0,8,standard
-1.0,7,standard
-1.0,7,standard
36.36363636363637,37,standard
-1.0,2,standard
-1.0,2,standard
23.636363636363637,126,standard
30.0,11,standard
23.636363636363637,126,standard
20.0,84,standard
7.2727272727272725,84,standard
-1.0,70,standard
-1.0,70,standard
-1.0,3,standard
-1.0,8,standard
-1.0,8,standard
31.851851851851855,151,standard
31.851851851851855,235,first class
31.851851851851855,151,standard
31.851851851851855,151,standard
31.851851851851855,151,standard
-1.0,3,standard
-1.0,8,standard
39.09090909090909,35,standard
-1.0,8,standard
-1.0,8,standard
-1.0,13,standard
-1.0,13,standard
-1.0,13,standard
31.11111111111111,118,first class
22.22222222222222,76,standard
21.48148148148148,76,standard
31.11111111111111,76,standard
52.5,21,standard
36.36363636363637,84,standard
-1.0,13,standard
31.11111111111111,76,standard
-1.0,6,standard
22.727272727272727,84,standard
31.11111111111111,76,standard
49.09090909090909,84,standard
-1.0,15,standard
153.33333333333334,6,first class
24.545454545454547,23,standard
-1.0,128,standard
543.3333333333334,3,standard
33.33333333333333,2,standard
130.0,2,standard
-1.0,8,standard
-1.0,8,standard
45.0,9,standard
45.0,9,standard
-1.0,2,standard
-1.0,70,standard
-1.0,70,standard
-1.0,70,standard
-1.0,70,standard
-1.0,70,standard
193.33333333333334,5,standard
193.33333333333334,5,standard
193.33333333333334,5,standard
-1.0,16,standard
-1.0,16,standard
-1.0,16,standard
-1.0,16,standard
-1.0,16,standard
-1.0,13,standard
18.75,4,standard
-1.0,4,standard
150.0,3,standard
146.66666666666666,10,first class
20.909090909090907,35,standard
-1.0,3,standard
-1.0,3,standard
-1.0,3,standard
-1.0,18,first class
-1.0,12,standard
-1.0,7,standard
26.36363636363636,84,standard
-1.0,22,standard
20.0,84,standard
26.36363636363636,84,standard
-1.0,22,standard
-1.0,59,first class
-1.0,22,standard
38.333333333333336,18,first class
-1.0,50,standard
31.11111111111111,113,standard
31.11111111111111,113,standard
31.11111111111111,113,standard
31.11111111111111,113,standard
31.11111111111111,176,first class
-1.0,19,standard
124.44444444444444,10,standard
-1.0,13,standard
-1.0,13,standard
-1.0,18,standard
-1.0,13,standard
-1.0,18,standard
-1.0,34,standard
-1.0,76,standard
42.22222222222222,76,standard
36.2962962962963,76,standard
-1.0,76,standard
-1.0,76,standard
38.51851851851852,118,first class
11.11111111111111,76,standard
-1.0,76,standard
-1.0,76,standard
58.333333333333336,8,standard
22.5,11,standard
10.909090909090908,23,standard
11.818181818181818,23,standard
55.00000000000001,7,standard
3.3333333333333335,7,first class
52.5,7,standard
-1.0,7,standard
11.851851851851853,50,standard
22.727272727272727,56,standard
6.923076923076923,29,standard
-1.0,7,standard
1.9230769230769231,64,first class
-1.0,7,standard
-1.0,7,standard
-1.0,4,standard
-1.0,4,standard
5.0,29,standard
7.4074074074074066,76,standard
7.2727272727272725,84,standard
66.25,4,standard
18.75,4,standard
-1.0,7,standard
-1.0,7,standard
8.88888888888889,50,standard
18.181818181818183,56,standard
14.074074074074074,50,standard
-1.0,21,standard
150.0,3,standard
14.545454545454545,35,standard
17.272727272727273,35,standard
-1.0,13,standard
-1.0,13,standard
-1.0,4,standard
-1.0,72,standard
23.636363636363637,37,standard
-1.0,7,standard
-1.0,12,standard
14.545454545454545,84,standard
43.333333333333336,3,standard
-1.0,113,standard
-1.0,113,standard
-1.0,113,standard
-1.0,19,standard
-1.0,19,standard
-1.0,19,standard
-1.0,19,standard
-1.0,2,standard
-1.0,18,standard
-1.0,18,standard
-1.0,13,standard
-1.0,13,standard
80.0,7,standard
-1.0,34,standard
-1.0,76,standard
38.51851851851852,76,standard
22.22222222222222,76,standard
17.037037037037038,76,standard
33.33333333333333,76,standard
22.962962962962962,76,standard
36.2962962962963,76,standard
50.0,84,standard
-1.0,72,first class
15.555555555555555,76,standard
42.22222222222222,76,standard
34.074074074074076,76,standard
395.55555555555554,6,standard
503.3333333333333,3,standard
113.33333333333333,2,standard
-1.0,11,standard
-1.0,2,standard
-1.0,11,standard
6.666666666666667,50,standard
-1.0,11,standard
-1.0,2,standard
2.727272727272727,126,standard
150.0,4,standard
150.0,4,standard
7.307692307692308,29,standard
150.0,4,standard
-1.0,72,standard
-1.0,3,standard
123.75,4,standard
102.49999999999999,4,standard
-1.0,3,standard
14.074074074074074,78,first class
9.62962962962963,50,standard
-1.0,2,standard
-1.0,2,standard
-1.0,5,standard
-1.0,3,standard
-1.0,50,standard
10.909090909090908,126,standard
-1.0,57,first class
26.36363636363636,84,standard
45.45454545454545,84,standard
6.666666666666667,3,standard
45.45454545454545,84,standard
-1.0,67,standard
-1.0,35,standard
17.037037037037038,151,standard
17.037037037037038,151,standard
17.037037037037038,151,standard
75.0,13,standard
391.1111111111111,10,standard
-1.0,3,standard
-1.0,10,first class
-1.0,13,standard
-1.0,9,standard
38.51851851851852,76,standard
15.555555555555555,118,first class
40.0,76,standard
38.51851851851852,76,standard
33.33333333333333,76,standard
34.81481481481482,76,standard
380.0,3,standard
66.66666666666666,6,standard
126.66666666666666,6,first class
6.666666666666667,2,standard
-1.0,8,standard
-1.0,8,standard
25.333333333333336,17,standard
-1.0,3,standard
-1.0,5,standard
-1.0,2,standard
-1.0,2,standard
-1.0,10,first class
14.545454545454545,70,standard
5.454545454545454,84,standard
8.461538461538462,29,standard
70.0,13,standard
14.074074074074074,101,standard
-1.0,10,standard
-1.0,10,standard
123.75,4,standard
15.555555555555555,50,standard
23.636363636363637,56,standard
23.636363636363637,89,first class
-1.0,2,standard
-1.0,8,standard
-1.0,7,first class
-1.0,8,standard
-1.0,54,first class
17.272727272727273,35,standard
-1.0,13,standard
-1.0,53,standard
51.66666666666667,8,standard
34.81481481481482,151,standard
34.81481481481482,151,standard
34.81481481481482,151,standard
34.81481481481482,151,standard
34.81481481481482,151,standard
34.81481481481482,151,standard
37.27272727272727,168,standard
-1.0,35,standard
380.0,3,standard
6.666666666666667,3,standard
11.818181818181818,35,standard
9.090909090909092,35,standard
-1.0,36,first class
-1.0,8,standard
-1.0,13,standard
-1.0,13,standard
42.96296296296296,76,standard
40.74074074074074,76,standard
22.22222222222222,76,standard
40.0,76,standard
42.96296296296296,76,standard
21.48148148148148,118,first class
21.48148148148148,76,standard
42.96296296296296,76,standard
44.44444444444444,76,standard
16.363636363636363,84,standard
1.25,11,standard
40.0,3,standard
52.5,7,standard
16.666666666666664,2,standard
5.0,7,standard
76.25,52,first class
-1.0,19,standard
-1.0,8,standard
1.4814814814814816,50,standard
18.75,4,standard
18.75,4,standard
66.25,4,standard
8.148148148148149,50,standard
103.33333333333334,3,standard
120.0,3,standard
120.0,3,standard
-1.0,13,standard
120.0,3,standard
-1.0,2,standard
27.333333333333332,77,standard
-1.0,17,standard
20.0,84,standard
-1.0,16,standard
-1.0,25,standard
25.0,8,standard
42.96296296296296,151,standard
42.96296296296296,151,standard
42.96296296296296,151,standard
-1.0,2,standard
-1.0,2,standard
-1.0,2,standard
39.09090909090909,57,first class
-1.0,15,standard
-1.0,8,standard
11.11111111111111,76,standard
25.185185185185183,76,standard
25.185185185185183,76,standard
40.74074074074074,76,standard
25.185185185185183,76,standard
25.185185185185183,76,standard
-1.0,76,standard
-1.0,13,standard
-1.0,118,first class
25.185185185185183,76,standard
20.909090909090907,84,standard
25.185185185185183,76,standard
50.0,7,standard
53.75,7,standard
490.00000000000006,2,standard
430.0,2,standard
6.363636363636363,23,standard
113.33333333333333,2,standard
36.25,19,first class
-1.0,5,standard
133.33333333333331,3,standard
-1.0,5,standard
-1.0,3,standard
-1.0,52,first class
1.4814814814814816,50,standard
120.0,5,standard
120.0,5,standard
16.363636363636363,134,first class
8.148148148148149,101,standard
-1.0,2,standard
203.33333333333331,3,standard
-1.0,48,standard
39.09090909090909,47,standard
27.27272727272727,84,standard
-1.0,22,standard
-1.0,3,standard
45.0,41,standard
25.185185185185183,151,standard
9.090909090909092,35,standard
9.090909090909092,57,first class
-1.0,15,standard
-1.0,4,standard
-1.0,13,standard
-1.0,18,standard
-1.0,13,standard
15.555555555555555,76,standard
-1.0,48,standard
22.22222222222222,76,standard
36.2962962962963,76,standard
22.22222222222222,76,standard
-1.0,48,standard
-1.0,12,standard
22.22222222222222,76,standard
22.22222222222222,76,standard
22.22222222222222,76,standard
40.0,76,standard
22.962962962962962,76,standard
113.33333333333333,3,standard
38.75,7,standard
380.0,2,standard
113.33333333333333,3,standard
51.24999999999999,7,standard
-1.0,7,standard
-1.0,31,standard
-1.0,39,first class
16.363636363636363,56,standard
203.33333333333331,5,standard
203.33333333333331,5,standard
203.33333333333331,5,standard
2.9629629629629632,76,standard
203.33333333333331,5,standard
203.33333333333331,5,standard
203.33333333333331,5,standard
203.33333333333331,5,standard
-1.0,2,standard
123.75,4,standard
41.25,4,standard
71.25,4,standard
-1.0,2,standard
18.51851851851852,50,standard
-1.0,16,standard
166.66666666666669,3,standard
176.66666666666666,3,standard
-1.0,8,standard
22.0,8,standard
43.333333333333336,3,standard
90.0,8,standard
-1.0,3,standard
23.636363636363637,267,first class
70.0,41,standard
22.22222222222222,151,standard
-1.0,35,standard
86.66666666666667,2,standard
395.55555555555554,15,first class
-1.0,2,standard
180.0,6,standard
-1.0,13,standard
-1.0,34,standard
-1.0,3,standard
42.22222222222222,76,standard
42.96296296296296,76,standard
42.96296296296296,76,standard
-1.0,76,standard
18.75,21,standard
42.96296296296296,76,standard
38.51851851851852,76,standard
42.96296296296296,76,standard
143.33333333333334,6,first class
8.75,11,standard
17.272727272727273,23,standard
1.25,7,standard
130.0,7,first class
36.666666666666664,2,standard
-1.0,8,standard
-1.0,8,standard
-1.0,7,standard
9.62962962962963,50,standard
20.0,50,standard
103.33333333333334,3,standard
-1.0,35,standard
20.909090909090907,35,standard
-1.0,10,standard
-1.0,10,standard
-1.0,13,standard
-1.0,53,standard
86.66666666666667,3,standard
11.818181818181818,134,first class
11.666666666666666,8,standard
-1.0,22,standard
42.96296296296296,113,standard
42.96296296296296,113,standard
353.3333333333333,10,standard
-1.0,52,first class
-1.0,32,first class
-1.0,13,standard
11.11111111111111,76,standard
40.0,21,standard
-1.0,76,standard
15.555555555555555,76,standard
38.75,4,standard
-1.0,13,standard
-1.0,8,standard
-1.0,54,first class
52.5,7,standard
18.75,7,standard
18.75,7,standard
-1.0,4,standard
18.75,7,standard
-1.0,2,standard
32.5,21,standard
8.846153846153847,29,standard
9.62962962962963,76,standard
9.62962962962963,76,standard
-1.0,2,standard
13.333333333333334,50,standard
17.037037037037038,50,standard
9.62962962962963,50,standard
20.74074074074074,50,standard
166.66666666666669,3,standard
17.272727272727273,35,standard
-1.0,8,standard
9.090909090909092,35,standard
11.818181818181818,35,standard
-1.0,7,standard
-1.0,13,standard
-1.0,13,standard
-1.0,13,standard
-1.0,18,standard
10.0,35,standard
-1.0,47,first class
22.962962962962962,118,first class
31.25,10,standard
-1.0,13,standard
33.33333333333333,76,standard
-1.0,76,standard
3.3333333333333335,3,standard
52.5,11,standard
130.0,2,standard
-1.0,7,standard
-1.0,7,standard
-1.0,2,standard
0.7692307692307693,64,first class
9.62962962962963,76,standard
18.51851851851852,50,standard
8.88888888888889,50,standard
18.181818181818183,56,standard
-1.0,16,standard
-1.0,2,standard
-1.0,3,standard
-1.0,10,first class
-1.0,3,standard
-1.0,35,standard
26.36363636363636,84,standard
20.0,3,standard
17.272727272727273,84,standard
-1.0,67,standard
100.0,2,standard
-1.0,25,standard
100.0,7,first class
-1.0,2,standard
-1.0,15,standard
-1.0,13,standard
-1.0,13,standard
-1.0,18,standard
-1.0,18,standard
36.2962962962963,76,standard
76.25,10,standard
22.962962962962962,76,standard
11.11111111111111,76,standard
37.77777777777778,76,standard
50.0,7,standard
-1.0,13,standard
-1.0,2,standard
-1.0,35,standard
5.9259259259259265,50,standard
-1.0,3,standard
166.66666666666669,5,standard
13.333333333333334,101,standard
-1.0,35,standard
66.25,4,standard
73.75,35,first class
13.636363636363635,56,standard
13.636363636363635,56,standard
-1.0,31,standard
-1.0,31,standard
-1.0,31,standard
-1.0,31,standard
103.33333333333334,3,standard
-1.0,3,standard
-1.0,8,standard
-1.0,3,standard
-1.0,10,standard
-1.0,35,standard
-1.0,72,standard
14.545454545454545,84,standard
-1.0,22,standard
36.2962962962963,151,standard
36.2962962962963,151,standard
36.2962962962963,151,standard
36.2962962962963,151,standard
36.2962962962963,151,standard
-1.0,25,standard
-1.0,35,standard
-1.0,35,standard
335.55555555555554,15,first class
-1.0,4,standard
-1.0,4,standard
-1.0,18,standard
-1.0,13,standard
-1.0,72,first class
21.48148148148148,76,standard
42.22222222222222,76,standard
-1.0,2,standard
490.00000000000006,2,standard
10.0,11,standard
6.363636363636363,35,standard
-1.0,10,first class
42.5,7,standard
126.66666666666666,3,standard
-1.0,19,standard
-1.0,2,standard
20.909090909090907,84,standard
-1.0,2,standard
20.74074074074074,101,standard
20.74074074074074,101,standard
123.75,4,standard
123.75,4,standard
123.75,35,first class
20.0,50,standard
14.074074074074074,50,standard
17.272727272727273,57,first class
-1.0,13,standard
-1.0,35,standard
-1.0,2,standard
83.33333333333334,4,standard
-1.0,13,standard
-1.0,53,standard
21.48148148148148,76,standard
26.36363636363636,84,standard
26.36363636363636,134,first class
-1.0,3,standard
15.555555555555555,151,standard
15.555555555555555,151,standard
15.555555555555555,151,standard
-1.0,5,standard
-1.0,25,standard
-1.0,25,standard
-1.0,3,standard
106.66666666666667,12,standard
11.818181818181818,35,standard
-1.0,8,standard
-1.0,8,standard
11.818181818181818,35,standard
-1.0,10,first class
-1.0,15,standard
11.11111111111111,76,standard
32.72727272727273,84,standard
33.33333333333333,76,standard
-1.0,13,standard
78.33333333333333,8,standard
42.5,11,standard
16.666666666666664,2,standard
3.75,7,standard
103.33333333333334,2,standard
33.33333333333333,2,standard
-1.0,8,standard
-1.0,12,standard
123.75,9,standard
123.75,9,standard
-1.0,3,standard
-1.0,3,standard
-1.0,3,standard
-1.0,5,standard
41.25,4,standard
41.25,4,standard
41.25,4,standard
-1.0,7,standard
-1.0,7,standard
1.4814814814814816,50,standard
-1.0,13,first class
-1.0,2,standard
-1.0,3,standard
176.66666666666666,3,standard
-1.0,3,standard
176.66666666666666,3,standard
-1.0,7,standard
-1.0,8,standard
-1.0,8,standard
-1.0,57,first class
-1.0,17,standard
-1.0,5,standard
11.11111111111111,151,standard
11.11111111111111,151,standard
50.0,41,standard
11.11111111111111,151,standard
9.090909090909092,35,standard
42.22222222222222,76,standard
22.962962962962962,76,standard
37.77777777777778,76,standard
-1.0,10,first class
103.33333333333334,2,standard
8.181818181818182,23,standard
26.25,7,standard
-1.0,8,standard
-1.0,8,standard
-1.0,8,standard
-1.0,8,standard
41.25,9,standard
-1.0,114,first class
-1.0,3,standard
176.66666666666666,5,standard
-1.0,2,standard
16.363636363636363,112,standard
66.25,4,standard
71.25,4,standard
102.49999999999999,4,standard
-1.0,3,standard
-1.0,3,standard
-1.0,72,standard
7.2727272727272725,200,first class
-1.0,5,standard
5.454545454545454,84,standard
-1.0,3,standard
42.22222222222222,151,standard
-1.0,3,standard
-1.0,7,first class
-1.0,15,standard
-1.0,7,standard
-1.0,76,standard
40.74074074074074,76,standard
21.48148148148148,76,standard
40.0,76,standard
38.51851851851852,76,standard
22.962962962962962,76,standard
-1.0,13,standard
-1.0,13,standard
126.66666666666666,2,standard
36.25,7,standard
-1.0,3,standard
-1.0,35,standard
102.49999999999999,4,standard
102.49999999999999,4,standard
66.25,4,standard
73.75,4,standard
10.909090909090908,56,standard
13.333333333333334,78,first class
10.909090909090908,56,standard
-1.0,2,standard
103.33333333333334,3,standard
-1.0,7,standard
-1.0,8,standard
-1.0,8,standard
17.272727272727273,35,standard
-1.0,13,standard
-1.0,8,standard
35.45454545454545,126,standard
-1.0,19,standard
-1.0,2,standard
126.66666666666666,3,standard
-1.0,7,standard
-1.0,4,standard
-1.0,7,standard
33.33333333333333,76,standard
44.44444444444444,76,standard
496.6666666666667,14,first class
-1.0,13,standard
-1.0,13,standard
11.818181818181818,23,standard
503.3333333333333,3,standard
20.0,2,standard
20.909090909090907,84,standard
-1.0,12,standard
-1.0,8,standard
-1.0,12,standard
-1.0,3,standard
-1.0,12,standard
71.25,4,standard
73.75,4,standard
73.75,4,standard
10.37037037037037,50,standard
-1.0,2,standard
146.66666666666666,3,standard
-1.0,54,first class
-1.0,3,standard
-1.0,8,standard
-1.0,3,standard
-1.0,3,standard
51.81818181818182,37,standard
44.0,11,standard
-1.0,53,standard
-1.0,5,standard
-1.0,71,standard
-1.0,107,standard
9.090909090909092,57,first class
-1.0,18,standard
-1.0,7,standard
44.44444444444444,118,first class
34.074074074074076,76,standard
38.51851851851852,76,standard
33.33333333333333,76,standard
44.44444444444444,118,first class
23.75,11,standard
23.333333333333332,2,standard
170.0,3,standard
536.6666666666666,3,standard
-1.0,3,standard
4.230769230769231,29,standard
-1.0,4,standard
73.75,4,standard
73.75,4,standard
1.4814814814814816,50,standard
1.4814814814814816,50,standard
-1.0,2,standard
-1.0,7,standard
17.272727272727273,35,standard
-1.0,13,standard
17.333333333333336,51,standard
95.0,12,standard
-1.0,3,standard
-1.0,15,standard
-1.0,13,standard
34.074074074074076,76,standard
49.09090909090909,84,standard
360.0,10,first class
21.25,7,standard
503.3333333333333,10,first class
-1.0,8,standard
-1.0,8,standard
-1.0,13,standard
73.75,35,first class
1.8181818181818181,56,standard
-1.0,3,standard
-1.0,13,standard
102.0,8,standard
-1.0,6,standard
40.909090909090914,168,standard
34.074074074074076,151,standard
40.909090909090914,168,standard
-1.0,18,standard
-1.0,13,standard
-1.0,13,standard
38.51851851851852,76,standard
21.48148148148148,76,standard
38.51851851851852,76,standard
106.66666666666667,2,standard
536.6666666666666,10,first class
4.545454545454546,84,standard
70.0,13,standard
-1.0,5,standard
102.49999999999999,4,standard
-1.0,2,standard
-1.0,2,standard
-1.0,7,standard
20.909090909090907,35,standard
-1.0,5,standard
-1.0,27,first class
-1.0,13,standard
102.0,8,standard
38.51851851851852,151,standard
-1.0,25,standard
-1.0,25,standard
-1.0,25,standard
-1.0,18,standard
33.33333333333333,76,standard
14.545454545454545,134,first class
40.74074074074074,76,standard
40.0,76,standard
68.75,10,standard
20.0,3,standard
20.0,3,standard
-1.0,8,standard
-1.0,8,standard
1.9230769230769231,29,standard
-1.0,11,standard
-1.0,16,standard
-1.0,13,standard
73.75,4,standard
-1.0,7,standard
17.272727272727273,56,standard
-1.0,19,standard
-1.0,10,first class
-1.0,1,standard
-1.0,17,standard
-1.0,3,standard
33.33333333333333,151,standard
33.33333333333333,151,standard
33.33333333333333,151,standard
33.33333333333333,151,standard
296.6666666666667,6,standard
-1.0,18,standard
45.0,55,first class
-1.0,118,first class
37.77777777777778,76,standard
-1.0,12,standard
33.33333333333333,2,standard
71.25,9,standard
73.75,4,standard
146.66666666666666,3,standard
-1.0,7,standard
-1.0,8,standard
24.666666666666668,77,standard
6.363636363636363,126,standard
160.0,3,standard
-1.0,13,standard
40.74074074074074,118,first class
16.363636363636363,84,standard
430.0,10,first class
6.25,11,standard
33.33333333333333,2,standard
536.6666666666666,3,standard
543.3333333333334,3,standard
-1.0,5,standard
102.49999999999999,4,standard
73.75,4,standard
-1.0,2,standard
-1.0,7,standard
-1.0,5,standard
-1.0,3,standard
536.6666666666666,4,standard
37.77777777777778,76,standard
22.962962962962962,118,first class
-1.0,35,standard
-1.0,7,standard
-1.0,3,standard
146.66666666666666,3,standard
-1.0,72,standard
-1.0,8,standard
-1.0,8,standard
-1.0,15,standard
37.77777777777778,76,standard
-1.0,6,standard
103.33333333333334,4,standard
49.09090909090909,84,standard
108.33333333333333,8,standard
102.49999999999999,7,standard
102.49999999999999,7,standard
8.75,21,standard
73.75,4,standard
146.66666666666666,10,first class
-1.0,7,standard
-1.0,48,standard
17.272727272727273,84,standard
348.8888888888889,10,standard
14.814814814814813,50,standard
-1.0,3,standard
5.0,43,standard
-1.0,5,standard
146.66666666666666,3,standard
146.66666666666666,10,first class
17.272727272727273,35,standard
-1.0,5,standard
37.77777777777778,151,standard
360.0,10,standard
73.75,9,standard
17.037037037037038,101,standard
-1.0,29,standard
146.66666666666666,5,standard
66.25,4,standard
17.272727272727273,56,standard
38.51851851851852,76,standard
38.51851851851852,76,standard
586.6666666666666,3,standard
13.333333333333334,101,standard
-1.0,35,standard
-1.0,10,standard
-1.0,53,standard
14.545454545454545,126,standard
2.9629629629629632,76,standard
-1.0,13,standard
38.51851851851852,113,standard
38.51851851851852,113,standard
38.51851851851852,113,standard
38.51851851851852,113,standard
38.51851851851852,113,standard
38.51851851851852,113,standard
38.51851851851852,113,standard
-1.0,2,standard
-1.0,10,standard
-1.0,35,standard
-1.0,35,standard
-1.0,35,standard
27.40740740740741,76,standard
586.6666666666666,14,first class
27.40740740740741,118,first class
27.40740740740741,76,standard
27.40740740740741,76,standard
-1.0,4,standard
297.77777777777777,6,standard
297.77777777777777,6,standard
113.33333333333333,3,standard
-1.0,53,standard
12.5,19,first class
-1.0,8,standard
-1.0,13,standard
41.66666666666667,13,standard
41.66666666666667,13,standard
-1.0,4,standard
-1.0,4,standard
-1.0,35,standard
-1.0,4,standard
5.185185185185185,50,standard
1.8181818181818181,35,standard
1.8181818181818181,35,standard
-1.0,8,standard
-1.0,8,standard
-1.0,8,standard
1.8181818181818181,35,standard
-1.0,8,standard
1.8181818181818181,35,standard
1.8181818181818181,35,standard
-1.0,5,standard
-1.0,5,standard
-1.0,18,first class
-1.0,53,standard
-1.0,35,standard
-1.0,53,standard
27.40740740740741,113,standard
-1.0,52,first class
-1.0,7,standard
-1.0,18,standard
-1.0,4,standard
30.37037037037037,76,standard
55.00000000000001,21,standard
30.37037037037037,76,standard
30.37037037037037,76,standard
19.090909090909093,84,standard
30.37037037037037,76,standard
30.37037037037037,76,standard
30.37037037037037,76,standard
26.25,7,standard
70.0,10,first class
70.0,3,standard
46.666666666666664,2,standard
35.0,7,standard
41.66666666666667,19,standard
41.66666666666667,13,standard
13.333333333333334,113,standard
1.8181818181818181,53,standard
1.8181818181818181,53,standard
-1.0,18,first class
5.185185185185185,76,standard
-1.0,12,standard
-1.0,8,standard
-1.0,12,standard
-1.0,12,standard
-1.0,12,standard
-1.0,3,standard
-1.0,2,standard
20.74074074074074,50,standard
-1.0,7,first class
-1.0,13,standard
-1.0,13,standard
-1.0,13,standard
72.0,14,standard
30.37037037037037,151,standard
30.37037037037037,151,standard
30.37037037037037,151,standard
30.37037037037037,151,standard
30.37037037037037,151,standard
96.66666666666667,8,standard
-1.0,35,standard
-1.0,35,standard
-1.0,35,standard
-1.0,35,standard
46.666666666666664,2,standard
-1.0,35,standard
83.33333333333334,12,standard
-1.0,8,standard
-1.0,8,standard
-1.0,18,standard
-1.0,18,standard
-1.0,18,standard
-1.0,18,standard
34.54545454545455,84,standard
596.6666666666666,4,standard
34.54545454545455,84,standard
596.6666666666666,4,standard
121.66666666666666,8,standard
96.66666666666667,2,standard
96.66666666666667,2,standard
-1.0,52,first class
-1.0,7,standard
-1.0,13,standard
-1.0,3,standard
-1.0,3,standard
-1.0,35,standard
7.5,82,first class
-1.0,10,standard
3.8461538461538463,29,standard
-1.0,8,standard
-1.0,5,standard
-1.0,5,standard
-1.0,8,standard
-1.0,34,first class
-1.0,3,standard
-1.0,35,standard
-1.0,17,standard
-1.0,17,standard
-1.0,35,standard
-1.0,35,standard
-1.0,35,standard
2.727272727272727,35,standard
-1.0,48,standard
-1.0,15,standard
-1.0,15,standard
-1.0,15,standard
-1.0,116,standard
33.63636363636363,84,standard
26.666666666666668,76,standard
26.666666666666668,76,standard
26.666666666666668,118,first class
26.666666666666668,76,standard
-1.0,53,standard
-1.0,19,standard
-1.0,15,first class
-1.0,54,first class
-1.0,17,standard
-1.0,11,standard
-1.0,107,first class
-1.0,16,standard
-1.0,16,standard
-1.0,4,standard
-1.0,8,standard
-1.0,8,standard
-1.0,8,standard
-1.0,54,first class
-1.0,8,standard
-1.0,8,standard
-1.0,53,standard
-1.0,4,standard
2.727272727272727,70,standard
2.727272727272727,70,standard
-1.0,8,standard
26.666666666666668,151,standard
26.666666666666668,151,standard
26.666666666666668,235,first class
26.666666666666668,151,standard
26.666666666666668,151,standard
326.6666666666667,15,first class
-1.0,35,standard
-1.0,23,standard
-1.0,32,first class
-1.0,32,first class
-1.0,13,standard
-1.0,13,standard
-1.0,7,standard
31.851851851851855,76,standard
35.0,10,standard
31.851851851851855,76,standard
31.851851851851855,76,standard
580.0,4,standard
31.851851851851855,76,standard
31.851851851851855,76,standard
304.44444444444446,6,standard
-1.0,3,standard
-1.0,12,standard
-1.0,16,standard
-1.0,16,standard
4.230769230769231,43,standard
65.0,13,standard
3.7037037037037033,101,standard
7.2727272727272725,178,first class
-1.0,11,standard
-1.0,11,standard
-1.0,16,standard
-1.0,16,standard
-1.0,11,standard
-1.0,16,standard
120.0,4,standard
120.0,4,standard
120.0,4,standard
-1.0,4,standard
83.33333333333334,3,standard
-1.0,4,standard
-1.0,35,standard
83.33333333333334,3,standard
83.33333333333334,3,standard
-1.0,14,standard
26.36363636363636,126,standard
66.66666666666666,4,standard
66.66666666666666,4,standard
40.0,3,standard
-1.0,70,standard
-1.0,3,standard
-1.0,3,standard
-1.0,25,standard
-1.0,25,standard
-1.0,18,standard
-1.0,18,standard
-1.0,18,standard
31.851851851851855,151,standard
10.909090909090908,168,standard
-1.0,35,standard
-1.0,8,standard
-1.0,35,standard
-1.0,35,standard
-1.0,35,standard
304.44444444444446,10,standard
250.0,4,standard
35.55555555555556,76,standard
35.55555555555556,76,standard
35.55555555555556,76,standard
35.55555555555556,118,first class
35.55555555555556,76,standard
35.55555555555556,76,standard
520.0,4,standard
-1.0,5,standard
10.0,3,standard
65.0,19,standard
120.0,9,standard
6.666666666666667,78,first class
-1.0,17,standard
-1.0,70,standard
-1.0,70,standard
83.33333333333334,5,standard
83.33333333333334,5,standard
83.33333333333334,5,standard
-1.0,9,standard
-1.0,13,standard
16.363636363636363,35,standard
16.363636363636363,35,standard
16.363636363636363,57,first class
16.363636363636363,35,standard
-1.0,35,standard
-1.0,35,standard
-1.0,57,first class
-1.0,24,standard
-1.0,24,standard
10.909090909090908,126,standard
-1.0,4,standard
-1.0,7,standard
-1.0,7,standard
23.636363636363637,84,standard
0.9090909090909091,84,standard
250.0,11,standard
50.0,8,standard
35.55555555555556,151,standard
35.55555555555556,151,standard
35.55555555555556,235,first class
35.55555555555556,235,first class
35.55555555555556,151,standard
35.55555555555556,151,standard
-1.0,25,standard
-1.0,25,standard
-1.0,25,standard
-1.0,25,standard
-1.0,25,standard
-1.0,54,first class
-1.0,32,first class
-1.0,18,standard
-1.0,18,standard
-1.0,18,standard
-1.0,34,standard
-1.0,34,standard
-1.0,47,first class
28.14814814814815,76,standard
28.14814814814815,76,standard
28.14814814814815,76,standard
28.14814814814815,76,standard
28.14814814814815,76,standard
28.14814814814815,76,standard
56.00000000000001,17,standard
17.037037037037038,50,standard
16.363636363636363,70,standard
16.363636363636363,70,standard
16.363636363636363,70,standard
22.5,7,standard
22.5,4,standard
22.5,4,standard
11.851851851851853,50,standard
-1.0,55,first class
-1.0,7,standard
-1.0,2,standard
-1.0,2,standard
-1.0,4,standard
-1.0,10,first class
17.037037037037038,76,standard
13.636363636363635,84,standard
-1.0,50,standard
-1.0,50,standard
28.14814814814815,113,standard
28.14814814814815,113,standard
-1.0,26,standard
-1.0,26,standard
-1.0,26,standard
302.22222222222223,10,standard
-1.0,13,standard
-1.0,13,standard
380.0,6,standard
50.0,2,standard
31.818181818181817,23,standard
42.5,19,first class
-1.0,13,standard
-1.0,3,standard
-1.0,3,standard
-1.0,17,standard
66.25,7,standard
22.5,7,standard
22.5,7,standard
-1.0,3,standard
-1.0,8,standard
-1.0,8,standard
-1.0,8,standard
-1.0,15,first class
-1.0,10,standard
106.66666666666667,4,standard
42.0,11,standard
256.6666666666667,5,standard
256.6666666666667,8,standard
19.090909090909093,126,standard
73.75,78,first class
-1.0,19,standard
-1.0,41,first class
380.0,10,standard
-1.0,34,standard
115.99999999999999,7,standard
-1.0,34,standard
-1.0,34,standard
66.66666666666666,4,standard
35.55555555555556,76,standard
35.55555555555556,76,standard
35.55555555555556,76,standard
42.5,11,standard
40.0,3,standard
4.0,17,standard
20.74074074074074,50,standard
-1.0,12,standard
-1.0,12,standard
-1.0,12,standard
-1.0,12,standard
40.0,4,standard
40.0,4,standard
40.0,4,standard
40.0,4,standard
-1.0,2,standard
-1.0,2,standard
20.74074074074074,50,standard
15.454545454545453,56,standard
15.454545454545453,56,standard
-1.0,2,standard
-1.0,2,standard
-1.0,53,standard
-1.0,53,standard
3.3333333333333335,14,first class
16.363636363636363,84,standard
-1.0,39,standard
35.55555555555556,151,standard
35.55555555555556,151,standard
35.55555555555556,151,standard
35.55555555555556,151,standard
351.1111111111111,10,standard
-1.0,8,standard
35.45454545454545,35,standard
35.45454545454545,35,standard
-1.0,8,standard
35.45454545454545,35,standard
-1.0,8,standard
-1.0,14,first class
166.66666666666669,6,standard
16.0,7,standard
28.18181818181818,134,first class
34.81481481481482,76,standard
34.81481481481482,76,standard
34.81481481481482,76,standard
34.81481481481482,76,standard
34.81481481481482,76,standard
34.81481481481482,76,standard
18.75,11,standard
22.5,7,standard
40.0,9,standard
40.0,9,standard
-1.0,13,first class
-1.0,18,standard
20.74074074074074,157,first class
20.74074074074074,101,standard
-1.0,5,standard
-1.0,5,standard
123.75,4,standard
123.75,4,standard
123.75,4,standard
103.33333333333334,10,first class
9.090909090909092,57,first class
9.090909090909092,35,standard
9.090909090909092,35,standard
-1.0,35,standard
-1.0,48,standard
-1.0,13,standard
16.363636363636363,126,standard
-1.0,59,standard
-1.0,17,standard
-1.0,17,standard
-1.0,17,standard
166.66666666666669,7,standard
34.81481481481482,151,standard
34.81481481481482,151,standard
30.909090909090907,35,standard
30.909090909090907,35,standard
30.909090909090907,57,first class
-1.0,35,standard
27.40740740740741,118,first class
27.40740740740741,118,first class
27.40740740740741,76,standard
27.40740740740741,76,standard
126.66666666666666,2,standard
10.0,7,standard
63.33333333333333,3,standard
123.75,9,standard
123.75,9,standard
123.75,9,standard
123.75,9,standard
33.75,31,standard
9.090909090909092,70,standard
103.33333333333334,5,standard
103.33333333333334,5,standard
103.33333333333334,5,standard
9.090909090909092,70,standard
-1.0,6,first class
-1.0,2,standard
-1.0,3,standard
-1.0,2,standard
-1.0,13,standard
-1.0,13,standard
30.909090909090907,70,standard
30.909090909090907,70,standard
-1.0,70,standard
60.0,8,standard
104.0,14,standard
27.40740740740741,151,standard
27.40740740740741,151,standard
27.40740740740741,151,standard
27.40740740740741,151,standard
126.66666666666666,3,standard
12.0,8,first class
25.185185185185183,76,standard
25.185185185185183,76,standard
25.185185185185183,118,first class
75.0,7,standard
353.3333333333333,6,standard
133.33333333333331,2,standard
353.3333333333333,6,standard
10.0,11,standard
46.25,19,first class
46.25,7,standard
46.25,7,standard
46.25,7,standard
-1.0,19,standard
3.4615384615384617,43,standard
26.666666666666668,11,standard
2.9629629629629632,76,standard
10.0,29,standard
-1.0,8,standard
10.0,29,standard
70.0,13,standard
70.0,13,standard
70.0,13,standard
70.0,13,standard
25.0,4,standard
25.0,4,standard
25.0,4,standard
-1.0,4,standard
-1.0,4,standard
-1.0,4,standard
24.545454545454547,56,standard
-1.0,8,standard
3.3333333333333335,4,standard
-1.0,8,standard
-1.0,3,standard
22.727272727272727,84,standard
25.185185185185183,151,standard
25.185185185185183,151,standard
25.185185185185183,151,standard
75.0,13,standard
75.0,13,standard
206.66666666666669,6,standard
31.851851851851855,76,standard
31.851851851851855,76,standard
31.851851851851855,76,standard
46.25,11,standard
46.25,11,standard
-1.0,3,standard
-1.0,10,first class
586.6666666666666,3,standard
-1.0,16,standard
-1.0,24,standard
90.0,2,standard
70.0,19,standard
-1.0,35,standard
-1.0,35,standard
25.0,9,standard
-1.0,2,standard
-1.0,2,standard
-1.0,35,first class
24.545454545454547,112,standard
8.88888888888889,101,standard
-1.0,4,standard
-1.0,8,standard
10.37037037037037,50,standard
-1.0,3,standard
-1.0,8,standard
-1.0,57,first class
-1.0,11,standard
-1.0,2,standard
-1.0,2,standard
18.333333333333332,13,standard
-1.0,7,standard
-1.0,7,standard
-1.0,57,first class
31.851851851851855,235,first class
31.851851851851855,151,standard
31.851851851851855,151,standard
31.851851851851855,151,standard
31.851851851851855,151,standard
-1.0,35,standard
103.33333333333334,2,standard
-1.0,3,standard
-1.0,3,standard
23.703703703703706,76,standard
23.703703703703706,118,first class
-1.0,35,standard
23.703703703703706,76,standard
23.703703703703706,76,standard
23.703703703703706,76,standard
23.703703703703706,76,standard
46.25,7,standard
336.6666666666667,2,standard
31.25,29,first class
90.0,10,first class
-1.0,53,standard
-1.0,3,standard
-1.0,3,standard
10.0,7,standard
13.333333333333334,2,standard
496.6666666666667,3,standard
-1.0,7,standard
-1.0,70,standard
-1.0,70,standard
-1.0,70,standard
-1.0,70,standard
10.37037037037037,101,standard
-1.0,70,standard
-1.0,25,standard
22.727272727272727,56,standard
-1.0,8,standard
213.33333333333334,3,standard
-1.0,8,standard
-1.0,8,standard
-1.0,8,standard
-1.0,8,standard
-1.0,10,standard
-1.0,3,standard
17.272727272727273,126,standard
23.703703703703706,113,standard
23.703703703703706,176,first class
23.703703703703706,113,standard
23.703703703703706,113,standard
-1.0,2,standard
10.37037037037037,118,first class
-1.0,48,standard
10.37037037037037,118,first class
10.37037037037037,76,standard
496.6666666666667,4,standard
371.11111111111114,6,standard
51.24999999999999,7,standard
23.333333333333332,2,standard
6.666666666666667,50,standard
213.33333333333334,4,standard
1.9230769230769231,29,standard
213.33333333333334,4,standard
-1.0,13,standard
7.4074074074074066,76,standard
-1.0,12,standard
-1.0,12,standard
15.555555555555555,50,standard
-1.0,7,standard
-1.0,19,standard
-1.0,19,standard
83.33333333333334,13,standard
-1.0,2,standard
10.37037037037037,113,standard
10.37037037037037,113,standard
18.181818181818183,126,standard
-1.0,19,standard
-1.0,71,standard
16.666666666666664,3,standard
28.18181818181818,35,standard
-1.0,15,standard
35.55555555555556,76,standard
23.333333333333332,3,standard
51.24999999999999,11,standard
51.24999999999999,11,standard
116.66666666666667,2,standard
116.66666666666667,7,first class
21.48148148148148,113,standard
-1.0,2,standard
-1.0,2,standard
8.076923076923077,29,standard
8.076923076923077,29,standard
8.076923076923077,29,standard
-1.0,13,standard
15.555555555555555,76,standard
-1.0,72,standard
-1.0,35,standard
14.814814814814813,50,standard
14.814814814814813,50,standard
130.0,3,standard
130.0,3,standard
130.0,3,standard
-1.0,7,standard
-1.0,3,standard
28.18181818181818,70,standard
28.18181818181818,70,standard
-1.0,29,standard
-1.0,44,standard
-1.0,29,standard
-1.0,29,standard
35.55555555555556,151,standard
35.55555555555556,151,standard
35.55555555555556,151,standard
35.55555555555556,151,standard
35.55555555555556,151,standard
35.55555555555556,151,standard
56.666666666666664,12,standard
-1.0,8,standard
-1.0,8,standard
15.555555555555555,76,standard
15.555555555555555,76,standard
486.66666666666663,4,standard
15.555555555555555,76,standard
15.555555555555555,76,standard
15.555555555555555,76,standard
486.66666666666663,4,standard
27.27272727272727,84,standard
320.0,6,standard
320.0,6,standard
-1.0,3,standard
-1.0,10,first class
-1.0,3,standard
-1.0,19,standard
130.0,5,standard
130.0,5,standard
-1.0,16,standard
14.814814814814813,101,standard
14.814814814814813,101,standard
30.0,4,standard
30.0,4,standard
30.0,4,standard
30.0,4,standard
26.36363636363636,89,first class
1.4814814814814816,50,standard
26.36363636363636,56,standard
-1.0,53,standard
15.555555555555555,151,standard
380.0,3,standard
-1.0,15,standard
-1.0,15,standard
-1.0,15,standard
-1.0,15,standard
-1.0,35,standard
35.0,10,standard
52.72727272727272,84,standard
-1.0,48,standard
-1.0,48,standard
-1.0,5,standard
456.66666666666663,2,standard
-1.0,5,standard
42.5,19,first class
30.0,9,standard
30.0,9,standard
30.0,13,standard
30.0,9,standard
30.0,9,standard
-1.0,15,standard
22.22222222222222,50,standard
6.363636363636363,89,first class
-1.0,57,first class
-1.0,35,standard
-1.0,35,standard
2.727272727272727,35,standard
2.727272727272727,35,standard
-1.0,13,standard
-1.0,35,standard
-1.0,35,standard
-1.0,35,standard
11.333333333333332,77,standard
13.333333333333334,51,standard
-1.0,29,standard
52.72727272727272,168,standard
52.72727272727272,168,standard
24.444444444444443,76,standard
24.444444444444443,76,standard
49.09090909090909,134,first class
24.444444444444443,76,standard
133.33333333333331,2,standard
120.0,2,standard
56.25,7,standard
160.0,3,standard
160.0,3,standard
-1.0,17,standard
9.62962962962963,50,standard
17.272727272727273,56,standard
17.272727272727273,56,standard
14.545454545454545,126,standard
9.615384615384617,43,standard
2.727272727272727,70,standard
2.727272727272727,70,standard
22.22222222222222,157,first class
77.5,4,standard
77.5,4,standard
-1.0,6,first class
20.0,37,standard
65.0,13,standard
-1.0,3,standard
24.444444444444443,235,first class
24.444444444444443,151,standard
24.444444444444443,151,standard
24.444444444444443,151,standard
24.444444444444443,151,standard
60.0,2,standard
-1.0,23,standard
-1.0,35,standard
-1.0,35,standard
-1.0,2,standard
-1.0,26,standard
28.888888888888886,76,standard
28.888888888888886,118,first class
28.888888888888886,76,standard
-1.0,4,standard
120.0,3,standard
30.0,2,standard
120.0,3,standard
30.0,2,standard
-1.0,13,standard
-1.0,5,standard
77.5,9,standard
23.636363636363637,126,standard
8.076923076923077,29,standard
26.36363636363636,112,standard
9.62962962962963,50,standard
-1.0,7,standard
233.33333333333334,3,standard
-1.0,4,standard
-1.0,4,standard
-1.0,7,standard
-1.0,2,standard
-1.0,3,standard
-1.0,3,standard
11.818181818181818,84,standard
-1.0,3,standard
-1.0,3,standard
-1.0,35,standard
28.888888888888886,151,standard
28.888888888888886,151,standard
291.1111111111111,10,standard
-1.0,3,standard
-1.0,10,first class
266.66666666666663,4,standard
266.66666666666663,4,standard
54.54545454545454,84,standard
54.54545454545454,84,standard
15.0,7,standard
-1.0,13,standard
150.0,2,standard
52.5,7,standard
-1.0,10,standard
9.090909090909092,56,standard
-1.0,9,standard
233.33333333333334,19,first class
9.62962962962963,157,first class
-1.0,2,standard
-1.0,3,standard
14.814814814814813,50,standard
14.814814814814813,50,standard
-1.0,8,standard
-1.0,13,standard
-1.0,3,standard
86.66666666666667,13,standard
266.66666666666663,8,standard
266.66666666666663,5,standard
150.0,4,standard
-1.0,41,first class
-1.0,3,standard
32.592592592592595,76,standard
32.592592592592595,76,standard
32.592592592592595,76,standard
11.818181818181818,84,standard
32.592592592592595,76,standard
32.592592592592595,76,standard
32.592592592592595,76,standard
32.592592592592595,76,standard
30.0,10,first class
52.5,11,standard
-1.0,78,first class
-1.0,7,standard
-1.0,19,standard
-1.0,19,standard
-1.0,4,standard
-1.0,2,standard
1.25,31,standard
-1.0,2,standard
6.923076923076923,29,standard
14.814814814814813,76,standard
-1.0,7,standard
18.181818181818183,37,standard
-1.0,3,standard
-1.0,54,first class
26.666666666666668,13,standard
32.592592592592595,113,standard
32.592592592592595,113,standard
80.0,4,standard
80.0,10,standard
80.0,3,standard
31.818181818181817,35,standard
31.818181818181817,35,standard
-1.0,35,standard
40.0,118,first class
513.3333333333334,4,standard
40.0,118,first class
513.3333333333334,4,standard
40.0,118,first class
476.6666666666667,2,standard
73.33333333333333,3,standard
400.0,6,standard
5.0,11,standard
476.6666666666667,10,first class
-1.0,10,standard
-1.0,10,standard
-1.0,4,standard
-1.0,3,standard
61.25000000000001,7,standard
-1.0,50,standard
6.923076923076923,43,standard
17.272727272727273,126,standard
-1.0,13,standard
-1.0,4,standard
-1.0,4,standard
-1.0,4,standard
-1.0,7,standard
-1.0,3,standard
7.4074074074074066,50,standard
-1.0,4,standard
-1.0,5,standard
-1.0,5,standard
-1.0,5,standard
-1.0,8,standard
53.63636363636364,37,standard
53.63636363636364,37,standard
-1.0,13,standard
-1.0,8,standard
10.0,37,standard
48.333333333333336,27,first class
9.090909090909092,84,standard
31.818181818181817,70,standard
33.33333333333333,3,standard
86.0,8,standard
40.0,235,first class
40.0,151,standard
40.0,151,standard
40.0,151,standard
40.0,151,standard
40.0,151,standard
40.0,151,standard
60.0,7,standard
-1.0,14,first class
17.037037037037038,76,standard
-1.0,4,standard
-1.0,10,standard
343.3333333333333,3,standard
44.0,17,standard
-1.0,41,first class
-1.0,41,first class
-1.0,7,standard
10.0,84,standard
-1.0,13,standard
-1.0,23,standard
2.9629629629629632,78,first class
-1.0,8,standard
-1.0,8,standard
-1.0,36,first class
-1.0,54,first class
-1.0,8,standard
-1.0,10,standard
-1.0,10,standard
-1.0,15,standard
33.33333333333333,3,standard
8.181818181818182,126,standard
-1.0,50,standard
5.454545454545454,84,standard
17.272727272727273,168,standard
17.037037037037038,151,standard
42.5,41,standard
335.55555555555554,10,standard
-1.0,13,standard
-1.0,13,standard
343.3333333333333,4,standard
343.3333333333333,4,standard
343.3333333333333,4,standard
37.03703703703704,76,standard
40.0,2,standard
40.0,2,standard
40.0,2,standard
-1.0,5,standard
323.3333333333333,3,standard
-1.0,13,standard
-1.0,47,standard
40.0,11,standard
2.9629629629629632,101,standard
-1.0,71,first class
-1.0,16,standard
-1.0,16,standard
-1.0,54,first class
-1.0,3,standard
-1.0,8,standard
-1.0,54,first class
-1.0,8,standard
-1.0,36,first class
-1.0,3,standard
-1.0,8,standard
-1.0,3,standard
-1.0,19,standard
-1.0,2,standard
210.0,11,standard
-1.0,16,standard
-1.0,6,standard
-1.0,6,standard
-1.0,11,first class
-1.0,70,standard
60.0,41,standard
60.0,41,standard
37.03703703703704,151,standard
-1.0,70,standard
-1.0,25,standard
40.0,3,standard
393.3333333333333,6,standard
-1.0,8,standard
-1.0,5,standard
-1.0,151,standard
-1.0,5,standard
-1.0,5,standard
-1.0,5,standard
26.36363636363636,112,standard
-1.0,16,standard
-1.0,16,standard
-1.0,16,standard
-1.0,11,standard
-1.0,5,standard
-1.0,5,standard
-1.0,16,standard
16.25,4,standard
16.25,4,standard
-1.0,3,standard
-1.0,2,standard
-1.0,2,standard
-1.0,2,standard
-1.0,2,standard
-1.0,113,standard
14.545454545454545,126,standard
6.666666666666667,13,standard
4.545454545454546,84,standard
-1.0,72,standard
440.00000000000006,3,standard
440.00000000000006,3,standard
229.99999999999997,4,standard
229.99999999999997,11,first class
8.181818181818182,35,standard
42.96296296296296,76,standard
42.96296296296296,76,standard
42.96296296296296,76,standard
42.96296296296296,76,standard
42.96296296296296,76,standard
-1.0,12,standard
6.25,11,standard
-1.0,8,standard
16.25,69,first class
16.25,9,standard
16.25,9,standard
16.25,9,standard
1.4814814814814816,76,standard
-1.0,84,standard
-1.0,65,standard
66.66666666666666,13,standard
116.66666666666667,3,standard
42.96296296296296,151,standard
42.96296296296296,151,standard
42.96296296296296,151,standard
42.96296296296296,151,standard
-1.0,25,standard
-1.0,25,standard
-1.0,4,standard
30.37037037037037,76,standard
53.333333333333336,4,standard
-1.0,48,standard
-1.0,4,standard
-1.0,3,standard
366.66666666666663,6,standard
7.2727272727272725,23,standard
36.25,19,first class
190.0,3,standard
190.0,3,standard
8.846153846153847,43,standard
-1.0,16,standard
11.851851851851853,101,standard
50.0,4,standard
50.0,4,standard
50.0,4,standard
50.0,4,standard
166.66666666666669,3,standard
-1.0,8,standard
-1.0,8,standard
-1.0,8,standard
-1.0,36,first class
-1.0,35,standard
-1.0,36,first class
166.66666666666669,3,standard
-1.0,35,standard
-1.0,7,standard
38.18181818181819,37,standard
-1.0,15,standard
-1.0,15,standard
-1.0,35,standard
22.666666666666664,77,standard
60.0,3,standard
30.37037037037037,113,standard
30.37037037037037,113,standard
-1.0,71,standard
67.5,31,standard
50.0,126,standard
30.37037037037037,113,standard
-1.0,19,standard
-1.0,19,standard
-1.0,19,standard
-1.0,19,standard
190.0,4,standard
36.25,29,first class
50.0,7,standard
50.0,7,standard
50.0,7,standard
50.0,7,standard
50.0,7,standard
7.6923076923076925,43,standard
-1.0,53,standard
-1.0,53,standard
166.66666666666669,4,standard
166.66666666666669,4,standard
166.66666666666669,4,standard
166.66666666666669,4,standard
10.37037037037037,76,standard
-1.0,8,standard
-1.0,12,standard
-1.0,10,standard
-1.0,10,standard
50.90909090909091,37,standard
13.636363636363635,126,standard
13.636363636363635,126,standard
13.636363636363635,126,standard
-1.0,5,standard
25.185185185185183,113,standard
25.185185185185183,113,standard
15.454545454545453,126,standard
25.185185185185183,113,standard
25.185185185185183,113,standard
25.185185185185183,113,standard
-1.0,53,standard
-1.0,53,standard
170.0,3,standard
293.3333333333333,6,standard
47.5,21,standard
333.33333333333337,4,standard
333.33333333333337,4,standard
-1.0,12,standard
-1.0,80,first class
3.75,11,standard
48.333333333333336,41,first class
48.333333333333336,41,first class
48.333333333333336,19,standard
48.333333333333336,19,standard
-1.0,53,standard
-1.0,53,standard
-1.0,53,standard
-1.0,12,standard
-1.0,12,standard
-1.0,12,standard
-1.0,80,first class
-1.0,12,standard
-1.0,12,standard
-1.0,4,standard
-1.0,4,standard
-1.0,2,standard
-1.0,2,standard
-1.0,2,standard
-1.0,2,standard
32.0,11,standard
7.2727272727272725,35,standard
-1.0,4,standard
13.333333333333334,3,standard
0.7692307692307693,64,first class
56.25,4,standard
-1.0,2,standard
-1.0,2,standard
-1.0,13,standard
-1.0,13,standard
-1.0,13,standard
-1.0,13,standard
33.33333333333333,76,standard
33.33333333333333,76,standard
33.33333333333333,76,standard
33.33333333333333,76,standard
590.0,4,standard
33.33333333333333,76,standard
33.33333333333333,76,standard
33.33333333333333,76,standard
33.33333333333333,76,standard
62.22222222222222,6,standard
93.33333333333333,2,standard
36.25,11,standard
93.33333333333333,2,standard
-1.0,19,standard
96.66666666666667,3,standard
123.33333333333334,2,standard
-1.0,3,standard
56.25,9,standard
56.25,9,standard
56.25,69,first class
56.25,9,standard
56.25,9,standard
56.25,9,standard
7.4074074074074066,113,standard
73.75,4,standard
73.75,4,standard
73.75,4,standard
-1.0,8,standard
-1.0,8,standard
-1.0,5,standard
-1.0,8,standard
-1.0,8,standard
-1.0,13,standard
-1.0,13,standard
-1.0,3,standard
-1.0,2,standard
23.636363636363637,126,standard
10.0,13,standard
-1.0,3,standard
20.0,17,first class
33.33333333333333,151,standard
33.33333333333333,151,standard
-1.0,25,standard
-1.0,15,standard
-1.0,15,standard
-1.0,15,standard
-1.0,15,standard
37.03703703703704,76,standard
37.03703703703704,76,standard
37.03703703703704,76,standard
37.03703703703704,76,standard
37.03703703703704,76,standard
37.03703703703704,76,standard
37.03703703703704,118,first class
123.33333333333334,3,standard
123.33333333333334,3,standard
28.749999999999996,7,standard
-1.0,7,standard
73.75,69,first class
73.75,9,standard
7.6923076923076925,29,standard
-1.0,16,standard
-1.0,107,first class
-1.0,16,standard
-1.0,12,standard
122.50000000000001,4,standard
122.50000000000001,4,standard
122.50000000000001,35,first class
-1.0,7,standard
-1.0,2,standard
223.33333333333334,3,standard
223.33333333333334,3,standard
223.33333333333334,3,standard
223.33333333333334,3,standard
-1.0,72,standard
-1.0,72,first class
-1.0,5,standard
11.818181818181818,126,standard
-1.0,29,standard
-1.0,29,standard
37.03703703703704,151,standard
37.03703703703704,151,standard
-1.0,27,first class
-1.0,13,standard
-1.0,11,standard
41.48148148148148,76,standard
41.48148148148148,76,standard
41.48148148148148,76,standard
-1.0,63,first class
122.50000000000001,9,standard
2.727272727272727,56,standard
-1.0,4,standard
-1.0,4,standard
0.9090909090909091,84,standard
223.33333333333334,5,standard
-1.0,143,standard
91.25,4,standard
91.25,35,first class
91.25,4,standard
18.51851851851852,50,standard
18.51851851851852,50,standard
66.66666666666666,4,standard
0.7407407407407408,76,standard
41.48148148148148,235,first class
41.48148148148148,151,standard
41.48148148148148,151,standard
41.48148148148148,151,standard
41.48148148148148,235,first class
41.48148148148148,151,standard
-1.0,25,standard
-1.0,25,standard
-1.0,27,first class
-1.0,13,standard
-1.0,13,standard
16.25,11,standard
6.666666666666667,17,standard
91.25,9,standard
91.25,9,standard
91.25,9,standard
91.25,69,first class
91.25,9,standard
-1.0,25,standard
-1.0,17,standard
18.51851851851852,101,standard
-1.0,35,first class
-1.0,4,standard
-1.0,4,standard
-1.0,4,standard
-1.0,4,standard
-1.0,35,first class
5.185185185185185,50,standard
-1.0,5,standard
-1.0,15,first class
-1.0,23,standard
-1.0,23,standard
15.454545454545453,126,standard
-1.0,53,standard
-1.0,19,standard
-1.0,19,standard
-1.0,19,standard
-1.0,19,standard
-1.0,19,standard
-1.0,23,standard
-1.0,35,standard
-1.0,76,standard
-1.0,118,first class
-1.0,8,standard
86.66666666666667,10,first class
-1.0,35,standard
65.0,13,standard
65.0,19,standard
-1.0,7,standard
-1.0,7,standard
-1.0,52,first class
-1.0,7,standard
-1.0,7,standard
-1.0,10,standard
0.38461538461538464,43,standard
-1.0,71,standard
101.25,4,standard
101.25,4,standard
101.25,4,standard
101.25,4,standard
101.25,35,first class
101.25,7,standard
101.25,4,standard
-1.0,7,standard
22.22222222222222,50,standard
22.22222222222222,50,standard
-1.0,35,standard
-1.0,35,standard
-1.0,35,standard
-1.0,7,standard
17.272727272727273,37,standard
36.36363636363637,37,standard
-1.0,3,standard
133.33333333333331,3,standard
-1.0,8,standard
10.0,3,standard
-1.0,53,standard
-1.0,53,standard
-1.0,113,standard
-1.0,113,standard
-1.0,113,standard
-1.0,113,standard
-1.0,113,standard
-1.0,53,standard
343.3333333333333,3,standard
-1.0,13,standard
31.851851851851855,76,standard
31.851851851851855,76,standard
31.851851851851855,76,standard
31.851851851851855,76,standard
336.6666666666667,2,standard
80.0,7,first class
-1.0,8,standard
-1.0,8,standard
101.25,7,standard
101.25,7,standard
101.25,7,standard
101.25,52,first class
101.25,7,standard
-1.0,53,standard
-1.0,53,standard
-1.0,53,standard
-1.0,3,standard
-1.0,8,standard
113.75,4,standard
113.75,4,standard
113.75,4,standard
113.75,4,standard
-1.0,16,standard
-1.0,8,standard
-1.0,8,standard
-1.0,8,standard
-1.0,5,standard
-1.0,36,first class
-1.0,86,standard
-1.0,86,standard
-1.0,25,standard
24.0,14,standard
31.851851851851855,151,standard
31.851851851851855,151,standard
31.851851851851855,151,standard
31.851851851851855,151,standard
60.0,18,first class
-1.0,8,standard
-1.0,8,standard
28.18181818181818,35,standard
-1.0,15,standard
-1.0,39,first class
-1.0,8,standard
8.88888888888889,76,standard
8.88888888888889,76,standard
146.66666666666666,4,standard
8.88888888888889,76,standard
146.66666666666666,4,standard
8.88888888888889,118,first class
8.88888888888889,76,standard
8.88888888888889,76,standard
53.75,55,first class
8.88888888888889,76,standard
80.0,3,standard
-1.0,13,standard
-1.0,13,standard
-1.0,13,standard
68.88888888888889,6,standard
80.0,3,standard
25.0,11,standard
10.0,2,standard
-1.0,5,standard
113.75,69,first class
113.75,9,standard
113.75,13,standard
113.75,9,standard
8.076923076923077,43,standard
8.076923076923077,43,standard
10.0,29,standard
-1.0,7,standard
-1.0,16,standard
-1.0,16,standard
53.75,4,standard
53.75,4,standard
53.75,4,standard
53.75,4,standard
53.75,4,standard
53.75,4,standard
53.75,4,standard
-1.0,3,standard
6.363636363636363,35,standard
-1.0,6,standard
-1.0,6,standard
6.363636363636363,35,standard
6.363636363636363,35,standard
-1.0,24,standard
31.818181818181817,126,standard
-1.0,8,standard
28.18181818181818,70,standard
28.18181818181818,114,first class
-1.0,78,first class
-1.0,29,standard
-1.0,16,standard
-1.0,29,standard
8.88888888888889,151,standard
8.88888888888889,151,standard
8.88888888888889,151,standard
10.0,3,standard
120.0,2,standard
120.0,2,standard
81.25,7,standard
133.33333333333331,3,standard
81.25,7,standard
133.33333333333331,3,standard
-1.0,52,first class
53.75,9,standard
53.75,69,first class
53.75,9,standard
53.75,9,standard
53.75,69,first class
10.0,43,standard
6.363636363636363,114,first class
6.363636363636363,70,standard
6.363636363636363,70,standard
16.296296296296298,101,standard
16.296296296296298,101,standard
-1.0,13,standard
-1.0,35,standard
-1.0,35,standard
-1.0,13,standard
-1.0,10,first class
-1.0,3,standard
-1.0,6,standard
-1.0,48,standard
-1.0,154,standard
-1.0,9,standard
133.33333333333331,4,standard
9.62962962962963,76,standard
133.33333333333331,14,first class
-1.0,4,standard
46.25,7,standard
46.25,7,standard
136.66666666666666,2,standard
-1.0,70,standard
-1.0,70,standard
-1.0,70,standard
18.181818181818183,178,first class
100.0,4,standard
100.0,4,standard
100.0,4,standard
14.814814814814813,78,first class
-1.0,8,standard
-1.0,8,standard
-1.0,8,standard
-1.0,8,standard
-1.0,5,standard
-1.0,5,standard
-1.0,18,standard
9.62962962962963,151,standard
9.62962962962963,151,standard
9.62962962962963,151,standard
9.62962962962963,151,standard
9.62962962962963,151,standard
9.62962962962963,235,first class
9.62962962962963,151,standard
9.62962962962963,151,standard
-1.0,2,standard
-1.0,48,standard
-1.0,2,standard
-1.0,2,standard
-1.0,10,standard
44.44444444444444,76,standard
44.44444444444444,76,standard
44.44444444444444,76,standard
-1.0,12,standard
46.25,11,standard
-1.0,35,standard
3.6363636363636362,23,standard
100.0,9,standard
100.0,69,first class
27.27272727272727,126,standard
5.9259259259259265,76,standard
14.814814814814813,101,standard
14.814814814814813,101,standard
-1.0,16,standard
-1.0,16,standard
-1.0,16,standard
-1.0,16,standard
-1.0,16,standard
-1.0,10,standard
-1.0,10,standard
-1.0,2,standard
15.454545454545453,126,standard
14.814814814814813,118,first class
-1.0,35,standard
44.44444444444444,151,standard
-1.0,95,standard
44.44444444444444,151,standard
44.44444444444444,151,standard
44.44444444444444,151,standard
-1.0,144,first class
65.0,41,standard
44.44444444444444,151,standard
331.1111111111111,15,first class
48.18181818181818,84,standard
-1.0,35,standard
28.888888888888886,76,standard
-1.0,7,standard
355.55555555555554,6,standard
17.272727272727273,126,standard
10.0,21,standard
11.11111111111111,50,standard
-1.0,6,standard
-1.0,5,standard
-1.0,1,standard
-1.0,2,standard
92.0,11,standard
14.545454545454545,126,standard
33.33333333333333,3,standard
28.888888888888886,113,standard
48.18181818181818,126,standard
28.888888888888886,113,standard
28.888888888888886,113,standard
-1.0,8,standard
-1.0,18,first class
-1.0,18,first class
7.4074074074074066,76,standard
7.4074074074074066,76,standard
7.4074074074074066,118,first class
7.4074074074074066,76,standard
397.77777777777777,6,standard
213.33333333333334,3,standard
-1.0,8,standard
3.6363636363636362,84,standard
-1.0,2,standard
27.500000000000004,4,standard
27.500000000000004,4,standard
27.500000000000004,4,standard
100.0,3,standard
-1.0,8,standard
-1.0,8,standard
-1.0,8,standard
-1.0,8,standard
-1.0,8,standard
-1.0,8,standard
32.0,77,standard
7.4074074074074066,113,standard
7.4074074074074066,113,standard
397.77777777777777,10,standard
397.77777777777777,10,standard
-1.0,72,first class
-1.0,48,standard
-1.0,13,standard
213.33333333333334,4,standard
-1.0,48,standard
384.44444444444446,6,standard
15.0,11,standard
-1.0,19,standard
-1.0,13,standard
27.500000000000004,7,standard
27.500000000000004,7,standard
27.500000000000004,7,standard
-1.0,19,standard
42.66666666666667,11,standard
100.0,4,standard
76.66666666666667,13,standard
76.66666666666667,13,standard
4.545454545454546,84,standard
-1.0,10,standard
-1.0,12,standard
-1.0,12,standard
-1.0,12,standard
-1.0,12,standard
20.0,56,standard
-1.0,3,standard
-1.0,5,standard
-1.0,10,first class
-1.0,3,standard
-1.0,17,standard
-1.0,17,standard
43.333333333333336,10,first class
13.333333333333334,76,standard
40.909090909090914,84,standard
40.909090909090914,84,standard
-1.0,22,standard
38.18181818181819,168,standard
38.18181818181819,168,standard
38.18181818181819,168,standard
384.44444444444446,10,standard
-1.0,76,standard
22.5,21,standard
-1.0,118,first class
-1.0,76,standard
-1.0,76,standard
42.5,11,standard
42.5,11,standard
93.33333333333333,3,standard
30.0,7,standard
-1.0,8,standard
-1.0,8,standard
-1.0,8,standard
-1.0,54,first class
-1.0,54,first class
-1.0,35,standard
17.5,31,standard
-1.0,5,standard
-1.0,5,standard
-1.0,5,standard
-1.0,5,standard
3.076923076923077,29,standard
6.666666666666667,101,standard
-1.0,3,standard
-1.0,19,standard
-1.0,33,standard
-1.0,151,standard
-1.0,151,standard
-1.0,151,standard
-1.0,151,standard
-1.0,151,standard
-1.0,151,standard
-1.0,13,standard
-1.0,18,standard
-1.0,18,standard
-1.0,27,first class
35.55555555555556,118,first class
47.5,21,standard
35.55555555555556,76,standard
35.55555555555556,76,standard
44.54545454545455,84,standard
-1.0,12,standard
76.66666666666667,3,standard
-1.0,2,standard
-1.0,13,standard
-1.0,4,standard
-1.0,143,standard
11.851851851851853,50,standard
11.851851851851853,50,standard
11.851851851851853,50,standard
-1.0,4,standard
-1.0,4,standard
35.55555555555556,151,standard
35.55555555555556,151,standard
35.55555555555556,151,standard
35.55555555555556,151,standard
35.55555555555556,151,standard
35.55555555555556,151,standard
35.55555555555556,151,standard
-1.0,25,standard
-1.0,35,standard
-1.0,63,first class
-1.0,35,standard
82.5,10,standard
22.22222222222222,76,standard
106.66666666666667,6,standard
53.75,19,first class
-1.0,3,standard
53.75,7,standard
143.33333333333334,7,first class
-1.0,19,standard
-1.0,41,first class
143.33333333333334,2,standard
-1.0,8,standard
-1.0,7,standard
-1.0,7,standard
-1.0,25,standard
-1.0,8,standard
-1.0,8,standard
-1.0,35,standard
-1.0,13,standard
-1.0,13,standard
22.22222222222222,151,standard
22.22222222222222,151,standard
22.22222222222222,151,standard
22.22222222222222,151,standard
22.22222222222222,151,standard
22.22222222222222,151,standard
22.22222222222222,151,standard
-1.0,3,standard
42.96296296296296,76,standard
42.96296296296296,118,first class
42.96296296296296,76,standard
42.96296296296296,76,standard
19.090909090909093,84,standard
80.0,4,standard
42.96296296296296,76,standard
-1.0,12,standard
-1.0,12,standard
-1.0,12,standard
-1.0,12,standard
3.3333333333333335,2,standard
21.25,7,standard
526.6666666666666,3,standard
-1.0,2,standard
2.6923076923076925,43,standard
-1.0,70,standard
14.074074074074074,76,standard
20.909090909090907,84,standard
-1.0,13,standard
0.7407407407407408,157,first class
-1.0,2,standard
-1.0,2,standard
-1.0,2,standard
13.333333333333334,50,standard
-1.0,2,standard
-1.0,2,standard
-1.0,2,standard
213.33333333333334,3,standard
213.33333333333334,3,standard
213.33333333333334,3,standard
-1.0,3,standard
68.0,15,first class
42.96296296296296,151,standard
42.96296296296296,151,standard
351.1111111111111,10,standard
15.454545454545453,35,standard
67.5,21,standard
67.5,55,first class
3.3333333333333335,3,standard
70.0,2,standard
55.00000000000001,7,standard
-1.0,3,standard
-1.0,10,first class
36.25,7,standard
54.666666666666664,17,standard
-1.0,23,standard
-1.0,12,standard
-1.0,3,standard
2.6923076923076925,43,standard
20.909090909090907,126,standard
213.33333333333334,19,first class
213.33333333333334,19,first class
213.33333333333334,5,standard
213.33333333333334,19,first class
23.636363636363637,84,standard
213.33333333333334,5,standard
213.33333333333334,5,standard
213.33333333333334,5,standard
13.333333333333334,101,standard
-1.0,5,standard
-1.0,3,standard
-1.0,3,standard
-1.0,3,standard
-1.0,3,standard
-1.0,2,standard
-1.0,3,standard
-1.0,16,standard
-1.0,16,standard
190.0,3,standard
-1.0,13,standard
70.0,13,standard
2.2222222222222223,76,standard
-1.0,13,standard
-1.0,13,standard
46.0,8,standard
9.090909090909092,200,first class
67.5,31,standard
-1.0,52,first class
-1.0,35,standard
-1.0,76,standard
-1.0,76,standard
-1.0,76,standard
55.00000000000001,11,standard
96.66666666666667,3,standard
-1.0,7,standard
-1.0,13,standard
-1.0,13,standard
-1.0,3,standard
190.0,4,standard
190.0,4,standard
190.0,4,standard
126.66666666666666,4,standard
126.66666666666666,4,standard
-1.0,10,standard
35.333333333333336,77,standard
-1.0,78,first class
64.0,8,standard
-1.0,54,first class
-1.0,8,standard
-1.0,8,standard
-1.0,113,standard
-1.0,113,standard
26.36363636363636,35,standard
-1.0,76,standard
-1.0,76,standard
-1.0,76,standard
566.6666666666667,4,standard
-1.0,76,standard
-1.0,76,standard
566.6666666666667,4,standard
566.6666666666667,4,standard
75.0,7,standard
21.25,11,standard
-1.0,19,standard
-1.0,19,standard
-1.0,19,standard
21.48148148148148,50,standard
10.909090909090908,134,first class
11.11111111111111,76,standard
-1.0,13,standard
-1.0,8,first class
-1.0,8,standard
-1.0,19,standard
-1.0,41,first class
-1.0,35,standard
-1.0,57,first class
-1.0,35,standard
-1.0,5,standard
-1.0,35,standard
-1.0,8,standard
-1.0,8,standard
-1.0,2,standard
-1.0,2,standard
146.66666666666666,4,standard
-1.0,13,standard
-1.0,203,first class
-1.0,8,standard
61.66666666666667,13,standard
-1.0,5,standard
26.36363636363636,47,standard
26.36363636363636,70,standard
26.36363636363636,70,standard
-1.0,16,standard
-1.0,151,standard
-1.0,151,standard
-1.0,151,standard
-1.0,235,first class
-1.0,151,standard
-1.0,151,standard
357.77777777777777,10,standard
-1.0,35,standard
-1.0,35,standard
-1.0,2,standard
-1.0,2,standard
-1.0,2,standard
-1.0,35,standard
38.51851851851852,118,first class
38.51851851851852,76,standard
38.51851851851852,76,standard
51.81818181818182,84,standard
38.51851851851852,76,standard
38.51851851851852,76,standard
51.81818181818182,84,standard
38.51851851851852,118,first class
68.33333333333333,8,standard
-1.0,3,standard
10.0,19,first class
47.5,7,standard
6.25,31,standard
-1.0,114,first class
-1.0,70,standard
-1.0,16,standard
22.5,4,standard
22.5,35,first class
22.5,4,standard
22.5,4,standard
-1.0,35,first class
-1.0,53,standard
-1.0,19,standard
35.0,27,first class
20.0,84,standard
10.0,84,standard
15.0,8,standard
-1.0,70,standard
-1.0,70,standard
-1.0,47,standard
38.51851851851852,151,standard
38.51851851851852,151,standard
62.22222222222222,10,standard
40.74074074074074,76,standard
40.74074074074074,76,standard
40.74074074074074,76,standard
40.74074074074074,76,standard
40.74074074074074,76,standard
-1.0,3,standard
6.666666666666667,3,standard
3.6363636363636362,23,standard
-1.0,3,standard
-1.0,3,standard
22.5,9,standard
17.5,21,standard
-1.0,9,standard
-1.0,69,first class
17.272727272727273,112,standard
-1.0,3,standard
-1.0,54,first class
-1.0,8,standard
-1.0,8,standard
-1.0,5,standard
-1.0,8,standard
40.0,4,standard
38.0,77,standard
38.0,77,standard
15.0,19,standard
15.0,13,standard
180.0,3,standard
12.592592592592592,76,standard
40.74074074074074,151,standard
40.74074074074074,151,standard
40.74074074074074,151,standard
40.74074074074074,151,standard
40.74074074074074,151,standard
3.6363636363636362,57,first class
416.6666666666667,3,standard
-1.0,2,standard
2.5,29,first class
23.75,7,standard
12.727272727272727,56,standard
-1.0,16,standard
-1.0,16,standard
-1.0,16,standard
-1.0,16,standard
-1.0,7,standard
-1.0,7,standard
-1.0,13,standard
-1.0,3,standard
-1.0,13,standard
-1.0,2,standard
-1.0,2,standard
-1.0,3,standard
-1.0,35,standard
-1.0,35,standard
180.0,4,standard
17.272727272727273,126,standard
17.272727272727273,126,standard
80.0,3,standard
-1.0,12,standard
-1.0,12,standard
-1.0,12,standard
44.54545454545455,84,standard
35.55555555555556,151,standard
35.55555555555556,151,standard
-1.0,8,standard
416.6666666666667,10,first class
24.444444444444443,76,standard
20.0,3,standard
303.3333333333333,3,standard
10.76923076923077,29,standard
16.363636363636363,84,standard
2.2222222222222223,101,standard
15.454545454545453,56,standard
5.185185185185185,50,standard
-1.0,13,first class
-1.0,3,standard
-1.0,3,standard
5.185185185185185,50,standard
-1.0,53,standard
-1.0,128,standard
-1.0,17,standard
-1.0,7,standard
-1.0,7,standard
-1.0,7,standard
-1.0,15,first class
-1.0,15,first class
-1.0,7,standard
-1.0,18,standard
24.444444444444443,151,standard
24.444444444444443,151,standard
24.444444444444443,151,standard
24.444444444444443,235,first class
60.0,8,standard
56.00000000000001,7,standard
136.66666666666666,3,standard
-1.0,4,standard
136.66666666666666,3,standard
106.66666666666667,2,standard
91.66666666666666,19,standard
91.66666666666666,19,standard
6.666666666666667,50,standard
6.153846153846154,29,standard
-1.0,7,standard
-1.0,4,standard
5.454545454545454,56,standard
-1.0,21,standard
-1.0,16,standard
-1.0,16,standard
-1.0,2,standard
-1.0,16,standard
-1.0,2,standard
-1.0,2,standard
-1.0,76,standard
-1.0,10,standard
-1.0,10,standard
-1.0,13,standard
-1.0,18,first class
60.0,13,standard
313.3333333333333,10,standard
-1.0,35,standard
-1.0,13,standard
-1.0,27,first class
-1.0,35,standard
43.333333333333336,4,standard
31.851851851851855,76,standard
304.44444444444446,6,standard
-1.0,7,standard
-1.0,10,standard
200.0,3,standard
200.0,10,first class
1.3333333333333335,17,standard
-1.0,52,first class
-1.0,7,standard
-1.0,13,standard
-1.0,18,first class
-1.0,4,standard
14.814814814814813,118,first class
-1.0,4,standard
14.814814814814813,76,standard
106.25,4,standard
106.25,4,standard
-1.0,35,standard
17.037037037037038,50,standard
-1.0,2,standard
-1.0,2,standard
-1.0,23,standard
-1.0,2,standard
-1.0,5,standard
9.090909090909092,126,standard
-1.0,53,standard
-1.0,13,standard
31.851851851851855,113,standard
31.851851851851855,113,standard
31.25,31,standard
31.851851851851855,113,standard
31.851851851851855,113,standard
31.851851851851855,176,first class
31.851851851851855,113,standard
31.851851851851855,113,standard
31.851851851851855,113,standard
-1.0,19,standard
-1.0,19,standard
10.0,2,standard
-1.0,39,first class
40.0,11,standard
136.66666666666666,2,standard
-1.0,3,standard
-1.0,19,standard
-1.0,8,standard
106.25,7,standard
106.25,52,first class
106.25,52,first class
106.25,7,standard
106.25,7,standard
106.25,7,standard
4.444444444444445,50,standard
17.037037037037038,76,standard
90.0,13,standard
90.0,13,standard
90.0,13,standard
90.0,13,standard
17.037037037037038,76,standard
90.0,3,standard
90.0,3,standard
90.0,3,standard
-1.0,8,standard
123.33333333333334,3,standard
65.0,8,standard
93.33333333333333,2,standard
-1.0,7,first class
36.2962962962963,76,standard
66.25,10,standard
-1.0,4,standard
75.0,8,standard
-1.0,10,first class
-1.0,3,standard
-1.0,7,standard
-1.0,7,standard
11.818181818181818,200,first class
0.7407407407407408,113,standard
90.0,19,first class
90.0,5,standard
90.0,19,first class
-1.0,35,first class
-1.0,4,standard
-1.0,38,first class
-1.0,12,standard
-1.0,2,standard
-1.0,2,standard
-1.0,2,standard
-1.0,2,standard
-1.0,3,standard
-1.0,3,standard
-1.0,8,standard
-1.0,8,standard
-1.0,8,standard
-1.0,3,standard
-1.0,8,standard
-1.0,5,standard
-1.0,8,standard
6.363636363636363,126,standard
-1.0,3,standard
-1.0,3,standard
-1.0,5,standard
36.2962962962963,151,standard
563.3333333333334,4,standard
563.3333333333334,4,standard
17.5,11,standard
-1.0,3,standard
-1.0,3,standard
-1.0,7,standard
-1.0,70,standard
-1.0,10,standard
20.74074074074074,101,standard
-1.0,11,standard
-1.0,144,first class
-1.0,95,standard
-1.0,5,standard
-1.0,16,standard
-1.0,13,first class
